dataset,condition_set,n_images,robust_train_candidate_mae,clean_train_candidate_mae,delta_clean_minus_corruption,ci_low,ci_high,fraction_corruption_better
NJU2K,clean,500,0.04840061779180542,0.04488087280234322,-0.0035197449894621966,-0.006460615316673648,-0.0008032378220465058,0.48
NJU2K,all_corruptions,500,0.050641884408031516,0.057143091234629254,0.006501206826597738,0.003696931061282073,0.009230161561767676,0.81
NJU2K,all_conditions,500,0.05048179393544395,0.05626721848946597,0.00578542455402203,0.0030793161109331,0.008538807033322517,0.792
NLPR,clean,300,0.026886228692989487,0.027000601552038764,0.000114372859049278,-0.002985223021620186,0.003581868025202614,0.51
NLPR,all_corruptions,300,0.028509464346690296,0.03363284354065306,0.005123379193962766,0.0023286929294901292,0.0080246252461791,0.7833333333333333
NLPR,all_conditions,300,0.028393518942854516,0.033159111970037757,0.004765593027183232,0.0018925500353780952,0.007807411235763062,0.7666666666666667
SIP,clean,929,0.05614953478211808,0.05780917742170305,0.0016596426395849757,-0.00036272644825340863,0.003699923306271236,0.4757804090419806
SIP,all_corruptions,929,0.06115299329033479,0.07285338854086765,0.011700395250532871,0.009571192052383623,0.01381021708993168,0.7847147470398278
SIP,all_conditions,929,0.06079560339689073,0.0717788020323559,0.010983198635465168,0.008882426549727703,0.013094089683394834,0.77502691065662
