dataset,family,severity,n_images,robust_train_candidate_mae,clean_train_candidate_mae,delta_clean_minus_corruption,ci_low,ci_high,fraction_corruption_better
NJU2K,blur,1,500,0.04886975818686187,0.04897310551581904,0.00010334732895717024,-0.0031772434658370913,0.00323925454529235,0.618
NJU2K,blur,2,500,0.049493109312606975,0.05309239380992949,0.0035992844973225147,-5.695684673846694e-05,0.006836783514218396,0.712
NJU2K,blur,3,500,0.05094957999512553,0.05503104142937809,0.00408146143425256,0.0003993375378311612,0.007645363404357339,0.694
NJU2K,clean,0,500,0.048958530243951824,0.044601559282746166,-0.004356970961205661,-0.007716141917882487,-0.001259831189026591,0.416
NJU2K,holes,1,500,0.05096513890917413,0.056004679072648285,0.005039540163474157,0.0018004994605144021,0.008178598311438691,0.634
NJU2K,holes,2,500,0.05294523738464341,0.06972293317178264,0.016777695787139238,0.012868363584578036,0.020548189830314367,0.786
NJU2K,holes,3,500,0.054445421843323856,0.07585469773691147,0.02140927589358762,0.017393174495396672,0.025668310074135663,0.796
NJU2K,noise,1,500,0.04876255132071674,0.04554856307571754,-0.0032139882449992003,-0.006538931178138591,-5.667990810470858e-05,0.458
NJU2K,noise,2,500,0.04854501147242263,0.047956320599652824,-0.0005886908727698028,-0.0038609979024855417,0.002516304144123568,0.538
NJU2K,noise,3,500,0.04886512093292549,0.05304419986624271,0.0041790789333172144,0.0007910189932910725,0.0074286648007459,0.64
NJU2K,removal,0,500,0.06179146417276934,0.0671482423953712,0.005356778222601861,0.0016432436376111583,0.008858507454581558,0.674
NJU2K,shift,1,500,0.049428805696778,0.04553449377696961,-0.0038943119198083876,-0.007151600524829701,-0.0008121617107535718,0.474
NJU2K,shift,2,500,0.05061748071433976,0.048828829679172486,-0.001788651035167277,-0.004951481618615798,0.0011807653291500137,0.61
NJU2K,shift,3,500,0.053946653953753414,0.056862952727358786,0.0029162987736053763,-0.0004564193975762464,0.005977656067523639,0.712
NLPR,blur,1,300,0.028179891246254557,0.031104877107815506,0.002924985861560951,-0.00019753392851756254,0.00562156408200098,0.6266666666666667
NLPR,blur,2,300,0.02902920545292242,0.03271329936668432,0.003684093913761899,0.000345047004375374,0.006675067739372024,0.63
NLPR,blur,3,300,0.029689850488017935,0.033727222763894435,0.004037372275876502,0.00037162185538909407,0.007341881976394986,0.6566666666666666
NLPR,clean,0,300,0.028115884317279172,0.02941455572086852,0.001298671403589348,-0.00202919342823346,0.0040573868329326305,0.5133333333333333
NLPR,holes,1,300,0.029156118980802906,0.03824296352763971,0.009086844546836802,0.005306124116216476,0.012389311023250532,0.73
NLPR,holes,2,300,0.03116601004129431,0.04399742260032023,0.012831412559025921,0.008691509054997975,0.016631654460948386,0.8166666666666667
NLPR,holes,3,300,0.03165534630282006,0.045580515133333395,0.013925168830513333,0.01076194937104204,0.01719355622708584,0.8266666666666667
NLPR,noise,1,300,0.02822096642688848,0.030545501321321354,0.0023245348944328724,-0.0009397453001195876,0.0052921523103189715,0.5166666666666667
NLPR,noise,2,300,0.028463109503888216,0.03202668748970609,0.003563577985817877,0.00038769123126500445,0.006538479792041471,0.57
NLPR,noise,3,300,0.02938372154700725,0.0336913297160451,0.004307608169037849,0.000935919129488563,0.007432965948639321,0.6133333333333333
NLPR,removal,0,300,0.03503187399512778,0.03912105280750742,0.004089178812379638,0.00042448524246962435,0.007711531247138433,0.6766666666666666
NLPR,shift,1,300,0.028301788410365892,0.0294570033083437,0.0011552148979778092,-0.0021880997924599794,0.003969596550615581,0.5533333333333333
NLPR,shift,2,300,0.02883312176039908,0.031007345912318365,0.0021742241519192855,-0.0015199218104826287,0.00498333567463366,0.6366666666666667
NLPR,shift,3,300,0.03064510886052934,0.03577874643941565,0.005133637578886313,0.0019138241524439463,0.008034694450635772,0.7933333333333333
SIP,blur,1,929,0.0608726776757882,0.06122776248118368,0.0003550848053954742,-0.0019621737632738575,0.0026610902565971516,0.5974165769644779
SIP,blur,2,929,0.06254979308776806,0.06679867828050297,0.004248885192734914,0.0016878824524904237,0.00679718479913869,0.6759956942949408
SIP,blur,3,929,0.06592987108583671,0.07065168298796957,0.004721811902132868,0.001860453159691449,0.007334014220978759,0.6555435952637244
SIP,clean,0,929,0.05907034961756347,0.05425928015060386,-0.004811069466959609,-0.007105680476183391,-0.00254464647376161,0.38966630785791173
SIP,holes,1,929,0.06200630402125306,0.06668230658848204,0.004676002567228977,0.002279556194817561,0.007086644188291164,0.6210979547900969
SIP,holes,2,929,0.06744905565619726,0.08164861471220787,0.014199559056010615,0.011433821399409206,0.016923480986382418,0.7556512378902045
SIP,holes,3,929,0.07143222674200125,0.09285610344008301,0.02142387669808176,0.01844474833509539,0.024384425986075493,0.8051668460710442
SIP,noise,1,929,0.05931563542171334,0.05592125200514107,-0.003394383416572271,-0.005683106197238739,-0.0010616908422586056,0.44671689989235736
SIP,noise,2,929,0.06001978864230665,0.060551542277719556,0.0005317536354129102,-0.0017938694022560796,0.002942815869324815,0.5511302475780409
SIP,noise,3,929,0.061984242489200536,0.0660334902274672,0.0040492477382666585,0.0015264453908688698,0.006523472763659617,0.6297093649085038
SIP,removal,0,929,0.0829284836085006,0.0893538873752958,0.006425403766795207,0.003494785040410474,0.009243216719608692,0.6598493003229279
SIP,shift,1,929,0.05958414520187137,0.055345837405027645,-0.004238307796843727,-0.006526664361874979,-0.002025434263086897,0.44994617868675996
SIP,shift,2,929,0.0615108048411004,0.05842851126888332,-0.0030822935722170817,-0.005373829098524119,-0.0008564681468999664,0.5511302475780409
SIP,shift,3,929,0.06607870547881849,0.06826953016511246,0.0021908246862939666,-9.679346846239148e-05,0.004470263935498484,0.6867599569429494
