dataset,family,severity,images,mae_320,mae_native,peak_memory_mib,seed,method,checkpoint,manifest,torch
nju2k,blur,1,500,0.03101007765205577,0.030938714106800033,279.115234375,17,CAVER_R50D,D:\PhysCausalDiff\external_baselines\CAVER\output\caver-r50d-rgbd-njudnlpr.pt,D:\PhysCausalDiff\github_release\manifests\nju2k_test_official.jsonl,2.14.0+cu130
nju2k,blur,2,500,0.03169900531996973,0.03162821322283708,279.115234375,17,CAVER_R50D,D:\PhysCausalDiff\external_baselines\CAVER\output\caver-r50d-rgbd-njudnlpr.pt,D:\PhysCausalDiff\github_release\manifests\nju2k_test_official.jsonl,2.14.0+cu130
nju2k,blur,3,500,0.0326408577603288,0.03257033652625978,279.115234375,17,CAVER_R50D,D:\PhysCausalDiff\external_baselines\CAVER\output\caver-r50d-rgbd-njudnlpr.pt,D:\PhysCausalDiff\github_release\manifests\nju2k_test_official.jsonl,2.14.0+cu130
nju2k,clean,0,500,0.030049293811898678,0.029971113791223615,279.115234375,17,CAVER_R50D,D:\PhysCausalDiff\external_baselines\CAVER\output\caver-r50d-rgbd-njudnlpr.pt,D:\PhysCausalDiff\github_release\manifests\nju2k_test_official.jsonl,2.14.0+cu130
nju2k,holes,1,500,0.036596627294551584,0.03652790535753593,279.115234375,17,CAVER_R50D,D:\PhysCausalDiff\external_baselines\CAVER\output\caver-r50d-rgbd-njudnlpr.pt,D:\PhysCausalDiff\github_release\manifests\nju2k_test_official.jsonl,2.14.0+cu130
nju2k,holes,2,500,0.044176631831564006,0.044112491668667646,279.115234375,17,CAVER_R50D,D:\PhysCausalDiff\external_baselines\CAVER\output\caver-r50d-rgbd-njudnlpr.pt,D:\PhysCausalDiff\github_release\manifests\nju2k_test_official.jsonl,2.14.0+cu130
nju2k,holes,3,500,0.043233457196038216,0.04317523257154971,279.115234375,17,CAVER_R50D,D:\PhysCausalDiff\external_baselines\CAVER\output\caver-r50d-rgbd-njudnlpr.pt,D:\PhysCausalDiff\github_release\manifests\nju2k_test_official.jsonl,2.14.0+cu130
nju2k,noise,1,500,0.030756552842678503,0.030676370095461605,279.115234375,17,CAVER_R50D,D:\PhysCausalDiff\external_baselines\CAVER\output\caver-r50d-rgbd-njudnlpr.pt,D:\PhysCausalDiff\github_release\manifests\nju2k_test_official.jsonl,2.14.0+cu130
nju2k,noise,2,500,0.03185451740934513,0.03177539810119197,279.115234375,17,CAVER_R50D,D:\PhysCausalDiff\external_baselines\CAVER\output\caver-r50d-rgbd-njudnlpr.pt,D:\PhysCausalDiff\github_release\manifests\nju2k_test_official.jsonl,2.14.0+cu130
nju2k,noise,3,500,0.03272949375049211,0.03265812752954662,279.115234375,17,CAVER_R50D,D:\PhysCausalDiff\external_baselines\CAVER\output\caver-r50d-rgbd-njudnlpr.pt,D:\PhysCausalDiff\github_release\manifests\nju2k_test_official.jsonl,2.14.0+cu130
nju2k,removal,0,500,0.03953481682064012,0.039477067020023245,279.115234375,17,CAVER_R50D,D:\PhysCausalDiff\external_baselines\CAVER\output\caver-r50d-rgbd-njudnlpr.pt,D:\PhysCausalDiff\github_release\manifests\nju2k_test_official.jsonl,2.14.0+cu130
nju2k,shift,1,500,0.031068091148044916,0.030997833131579684,279.115234375,17,CAVER_R50D,D:\PhysCausalDiff\external_baselines\CAVER\output\caver-r50d-rgbd-njudnlpr.pt,D:\PhysCausalDiff\github_release\manifests\nju2k_test_official.jsonl,2.14.0+cu130
nju2k,shift,2,500,0.0321620384149719,0.03210804695752449,279.115234375,17,CAVER_R50D,D:\PhysCausalDiff\external_baselines\CAVER\output\caver-r50d-rgbd-njudnlpr.pt,D:\PhysCausalDiff\github_release\manifests\nju2k_test_official.jsonl,2.14.0+cu130
nju2k,shift,3,500,0.03429679714795202,0.03424903547530994,279.115234375,17,CAVER_R50D,D:\PhysCausalDiff\external_baselines\CAVER\output\caver-r50d-rgbd-njudnlpr.pt,D:\PhysCausalDiff\github_release\manifests\nju2k_test_official.jsonl,2.14.0+cu130
nlpr,blur,1,300,0.020682233131180207,0.02055992108847325,279.115234375,17,CAVER_R50D,D:\PhysCausalDiff\external_baselines\CAVER\output\caver-r50d-rgbd-njudnlpr.pt,D:\PhysCausalDiff\github_release\manifests\nlpr_test_official.jsonl,2.14.0+cu130
nlpr,blur,2,300,0.020582137166832885,0.020485150307261696,279.115234375,17,CAVER_R50D,D:\PhysCausalDiff\external_baselines\CAVER\output\caver-r50d-rgbd-njudnlpr.pt,D:\PhysCausalDiff\github_release\manifests\nlpr_test_official.jsonl,2.14.0+cu130
nlpr,blur,3,300,0.020748175425687805,0.020657851970754565,279.115234375,17,CAVER_R50D,D:\PhysCausalDiff\external_baselines\CAVER\output\caver-r50d-rgbd-njudnlpr.pt,D:\PhysCausalDiff\github_release\manifests\nlpr_test_official.jsonl,2.14.0+cu130
nlpr,clean,0,300,0.020374144168260198,0.02022004337942538,279.115234375,17,CAVER_R50D,D:\PhysCausalDiff\external_baselines\CAVER\output\caver-r50d-rgbd-njudnlpr.pt,D:\PhysCausalDiff\github_release\manifests\nlpr_test_official.jsonl,2.14.0+cu130
nlpr,holes,1,300,0.023905939987162127,0.023772019918930406,279.115234375,17,CAVER_R50D,D:\PhysCausalDiff\external_baselines\CAVER\output\caver-r50d-rgbd-njudnlpr.pt,D:\PhysCausalDiff\github_release\manifests\nlpr_test_official.jsonl,2.14.0+cu130
nlpr,holes,2,300,0.024531767265483118,0.024428047677113984,279.115234375,17,CAVER_R50D,D:\PhysCausalDiff\external_baselines\CAVER\output\caver-r50d-rgbd-njudnlpr.pt,D:\PhysCausalDiff\github_release\manifests\nlpr_test_official.jsonl,2.14.0+cu130
nlpr,holes,3,300,0.02561486522279059,0.02551410723438797,279.115234375,17,CAVER_R50D,D:\PhysCausalDiff\external_baselines\CAVER\output\caver-r50d-rgbd-njudnlpr.pt,D:\PhysCausalDiff\github_release\manifests\nlpr_test_official.jsonl,2.14.0+cu130
nlpr,noise,1,300,0.02083974048087839,0.02069585436974497,279.115234375,17,CAVER_R50D,D:\PhysCausalDiff\external_baselines\CAVER\output\caver-r50d-rgbd-njudnlpr.pt,D:\PhysCausalDiff\github_release\manifests\nlpr_test_official.jsonl,2.14.0+cu130
nlpr,noise,2,300,0.021179925087102067,0.021041286240215413,279.115234375,17,CAVER_R50D,D:\PhysCausalDiff\external_baselines\CAVER\output\caver-r50d-rgbd-njudnlpr.pt,D:\PhysCausalDiff\github_release\manifests\nlpr_test_official.jsonl,2.14.0+cu130
nlpr,noise,3,300,0.021558359675109388,0.02141453308557781,279.115234375,17,CAVER_R50D,D:\PhysCausalDiff\external_baselines\CAVER\output\caver-r50d-rgbd-njudnlpr.pt,D:\PhysCausalDiff\github_release\manifests\nlpr_test_official.jsonl,2.14.0+cu130
nlpr,removal,0,300,0.02289675176803333,0.022790584357765813,279.115234375,17,CAVER_R50D,D:\PhysCausalDiff\external_baselines\CAVER\output\caver-r50d-rgbd-njudnlpr.pt,D:\PhysCausalDiff\github_release\manifests\nlpr_test_official.jsonl,2.14.0+cu130
nlpr,shift,1,300,0.02049571922281757,0.020396684855610754,279.115234375,17,CAVER_R50D,D:\PhysCausalDiff\external_baselines\CAVER\output\caver-r50d-rgbd-njudnlpr.pt,D:\PhysCausalDiff\github_release\manifests\nlpr_test_official.jsonl,2.14.0+cu130
nlpr,shift,2,300,0.020798776629380882,0.020701593604171648,279.115234375,17,CAVER_R50D,D:\PhysCausalDiff\external_baselines\CAVER\output\caver-r50d-rgbd-njudnlpr.pt,D:\PhysCausalDiff\github_release\manifests\nlpr_test_official.jsonl,2.14.0+cu130
nlpr,shift,3,300,0.02144105774932541,0.02138299997857151,279.115234375,17,CAVER_R50D,D:\PhysCausalDiff\external_baselines\CAVER\output\caver-r50d-rgbd-njudnlpr.pt,D:\PhysCausalDiff\github_release\manifests\nlpr_test_official.jsonl,2.14.0+cu130
sip,blur,1,929,0.042747255751815004,0.042716390339745884,279.115234375,17,CAVER_R50D,D:\PhysCausalDiff\external_baselines\CAVER\output\caver-r50d-rgbd-njudnlpr.pt,D:\PhysCausalDiff\github_release\manifests\sip_test_official.jsonl,2.14.0+cu130
sip,blur,2,929,0.044540157878723306,0.04451078376046054,279.115234375,17,CAVER_R50D,D:\PhysCausalDiff\external_baselines\CAVER\output\caver-r50d-rgbd-njudnlpr.pt,D:\PhysCausalDiff\github_release\manifests\sip_test_official.jsonl,2.14.0+cu130
sip,blur,3,929,0.04584148368072386,0.04581367111899183,279.115234375,17,CAVER_R50D,D:\PhysCausalDiff\external_baselines\CAVER\output\caver-r50d-rgbd-njudnlpr.pt,D:\PhysCausalDiff\github_release\manifests\sip_test_official.jsonl,2.14.0+cu130
sip,clean,0,929,0.04205116377998067,0.04201923975038299,279.115234375,17,CAVER_R50D,D:\PhysCausalDiff\external_baselines\CAVER\output\caver-r50d-rgbd-njudnlpr.pt,D:\PhysCausalDiff\github_release\manifests\sip_test_official.jsonl,2.14.0+cu130
sip,holes,1,929,0.04943994477950638,0.04941303305081277,279.115234375,17,CAVER_R50D,D:\PhysCausalDiff\external_baselines\CAVER\output\caver-r50d-rgbd-njudnlpr.pt,D:\PhysCausalDiff\github_release\manifests\sip_test_official.jsonl,2.14.0+cu130
sip,holes,2,929,0.05744635193574616,0.057421581153993456,279.115234375,17,CAVER_R50D,D:\PhysCausalDiff\external_baselines\CAVER\output\caver-r50d-rgbd-njudnlpr.pt,D:\PhysCausalDiff\github_release\manifests\sip_test_official.jsonl,2.14.0+cu130
sip,holes,3,929,0.05852048354979256,0.058497955590041416,279.115234375,17,CAVER_R50D,D:\PhysCausalDiff\external_baselines\CAVER\output\caver-r50d-rgbd-njudnlpr.pt,D:\PhysCausalDiff\github_release\manifests\sip_test_official.jsonl,2.14.0+cu130
sip,noise,1,929,0.04149804025210753,0.041466493781082595,279.115234375,17,CAVER_R50D,D:\PhysCausalDiff\external_baselines\CAVER\output\caver-r50d-rgbd-njudnlpr.pt,D:\PhysCausalDiff\github_release\manifests\sip_test_official.jsonl,2.14.0+cu130
sip,noise,2,929,0.041677897164961016,0.04164689638555667,279.115234375,17,CAVER_R50D,D:\PhysCausalDiff\external_baselines\CAVER\output\caver-r50d-rgbd-njudnlpr.pt,D:\PhysCausalDiff\github_release\manifests\sip_test_official.jsonl,2.14.0+cu130
sip,noise,3,929,0.04304581434682485,0.04301432894309231,279.115234375,17,CAVER_R50D,D:\PhysCausalDiff\external_baselines\CAVER\output\caver-r50d-rgbd-njudnlpr.pt,D:\PhysCausalDiff\github_release\manifests\sip_test_official.jsonl,2.14.0+cu130
sip,removal,0,929,0.05829496591665709,0.058273614129849556,279.115234375,17,CAVER_R50D,D:\PhysCausalDiff\external_baselines\CAVER\output\caver-r50d-rgbd-njudnlpr.pt,D:\PhysCausalDiff\github_release\manifests\sip_test_official.jsonl,2.14.0+cu130
sip,shift,1,929,0.042586240991629234,0.04255905149422337,279.115234375,17,CAVER_R50D,D:\PhysCausalDiff\external_baselines\CAVER\output\caver-r50d-rgbd-njudnlpr.pt,D:\PhysCausalDiff\github_release\manifests\sip_test_official.jsonl,2.14.0+cu130
sip,shift,2,929,0.04389077880915026,0.04387079056881697,279.115234375,17,CAVER_R50D,D:\PhysCausalDiff\external_baselines\CAVER\output\caver-r50d-rgbd-njudnlpr.pt,D:\PhysCausalDiff\github_release\manifests\sip_test_official.jsonl,2.14.0+cu130
sip,shift,3,929,0.046878321916346145,0.04685925292873713,279.115234375,17,CAVER_R50D,D:\PhysCausalDiff\external_baselines\CAVER\output\caver-r50d-rgbd-njudnlpr.pt,D:\PhysCausalDiff\github_release\manifests\sip_test_official.jsonl,2.14.0+cu130
