dataset,condition,n,mae_mean,file
nju2k,blur_1,8,0.5651913657784462,eval_nju2k_protocol_blur_1.json
nju2k,blur_2,8,0.5651913657784462,eval_nju2k_protocol_blur_2.json
nju2k,blur_3,8,0.5651913657784462,eval_nju2k_protocol_blur_3.json
nju2k,clean,8,0.5651913657784462,eval_nju2k_protocol_clean.json
nju2k,holes_1,8,0.5651913657784462,eval_nju2k_protocol_holes_1.json
nju2k,holes_2,8,0.5651913657784462,eval_nju2k_protocol_holes_2.json
nju2k,holes_3,8,0.5651913657784462,eval_nju2k_protocol_holes_3.json
nju2k,noise_1,8,0.5651913657784462,eval_nju2k_protocol_noise_1.json
nju2k,noise_2,8,0.5651913657784462,eval_nju2k_protocol_noise_2.json
nju2k,noise_3,8,0.5651913732290268,eval_nju2k_protocol_noise_3.json
nju2k,removal,8,0.5651913210749626,eval_nju2k_protocol_removal.json
nju2k,shift_1,8,0.5651913657784462,eval_nju2k_protocol_shift_1.json
nju2k,shift_2,8,0.5651913657784462,eval_nju2k_protocol_shift_2.json
nju2k,shift_3,8,0.5651913657784462,eval_nju2k_protocol_shift_3.json
nlpr,blur_1,8,0.592820979654789,eval_nlpr_protocol_blur_1.json
nlpr,blur_2,8,0.592820979654789,eval_nlpr_protocol_blur_2.json
nlpr,blur_3,8,0.5928209945559502,eval_nlpr_protocol_blur_3.json
nlpr,clean,8,0.592820979654789,eval_nlpr_protocol_clean.json
nlpr,holes_1,8,0.5928209573030472,eval_nlpr_protocol_holes_1.json
nlpr,holes_2,8,0.5928209573030472,eval_nlpr_protocol_holes_2.json
nlpr,holes_3,8,0.5928209722042084,eval_nlpr_protocol_holes_3.json
nlpr,noise_1,8,0.5928209647536278,eval_nlpr_protocol_noise_1.json
nlpr,noise_2,8,0.5928209647536278,eval_nlpr_protocol_noise_2.json
nlpr,noise_3,8,0.5928209498524666,eval_nlpr_protocol_noise_3.json
nlpr,removal,8,0.5928209498524666,eval_nlpr_protocol_removal.json
nlpr,shift_1,8,0.592820979654789,eval_nlpr_protocol_shift_1.json
nlpr,shift_2,8,0.5928209945559502,eval_nlpr_protocol_shift_2.json
nlpr,shift_3,8,0.5928209871053696,eval_nlpr_protocol_shift_3.json
sip,blur_1,8,0.5950780287384987,eval_sip_protocol_blur_1.json
sip,blur_2,8,0.5950780287384987,eval_sip_protocol_blur_2.json
sip,blur_3,8,0.5950780361890793,eval_sip_protocol_blur_3.json
sip,clean,8,0.5950780287384987,eval_sip_protocol_clean.json
sip,holes_1,8,0.5950780436396599,eval_sip_protocol_holes_1.json
sip,holes_2,8,0.5950780659914017,eval_sip_protocol_holes_2.json
sip,holes_3,8,0.5950780883431435,eval_sip_protocol_holes_3.json
sip,noise_1,8,0.5950780287384987,eval_sip_protocol_noise_1.json
sip,noise_2,8,0.5950780287384987,eval_sip_protocol_noise_2.json
sip,noise_3,8,0.5950779989361763,eval_sip_protocol_noise_3.json
sip,removal,8,0.5950777009129524,eval_sip_protocol_removal.json
sip,shift_1,8,0.5950780287384987,eval_sip_protocol_shift_1.json
sip,shift_2,8,0.5950780361890793,eval_sip_protocol_shift_2.json
sip,shift_3,8,0.5950780510902405,eval_sip_protocol_shift_3.json
