baseline,dataset,condition,coverage,n_images,mae,source_file
CAVER,nju2k,blur_1,full_protocol,500,0.030938714106800033,D:\\PhysCausalDiff\\output\\external_baselines\\caver_protocol\\condition_summary.csv
CAVER,nju2k,blur_2,full_protocol,500,0.03162821322283708,D:\\PhysCausalDiff\\output\\external_baselines\\caver_protocol\\condition_summary.csv
CAVER,nju2k,blur_3,full_protocol,500,0.03257033652625978,D:\\PhysCausalDiff\\output\\external_baselines\\caver_protocol\\condition_summary.csv
CAVER,nju2k,clean_0,full_protocol,500,0.029971113791223615,D:\\PhysCausalDiff\\output\\external_baselines\\caver_protocol\\condition_summary.csv
CAVER,nju2k,holes_1,full_protocol,500,0.03652790535753593,D:\\PhysCausalDiff\\output\\external_baselines\\caver_protocol\\condition_summary.csv
CAVER,nju2k,holes_2,full_protocol,500,0.044112491668667646,D:\\PhysCausalDiff\\output\\external_baselines\\caver_protocol\\condition_summary.csv
CAVER,nju2k,holes_3,full_protocol,500,0.04317523257154971,D:\\PhysCausalDiff\\output\\external_baselines\\caver_protocol\\condition_summary.csv
CAVER,nju2k,noise_1,full_protocol,500,0.030676370095461605,D:\\PhysCausalDiff\\output\\external_baselines\\caver_protocol\\condition_summary.csv
CAVER,nju2k,noise_2,full_protocol,500,0.03177539810119197,D:\\PhysCausalDiff\\output\\external_baselines\\caver_protocol\\condition_summary.csv
CAVER,nju2k,noise_3,full_protocol,500,0.03265812752954662,D:\\PhysCausalDiff\\output\\external_baselines\\caver_protocol\\condition_summary.csv
CAVER,nju2k,removal_0,full_protocol,500,0.039477067020023245,D:\\PhysCausalDiff\\output\\external_baselines\\caver_protocol\\condition_summary.csv
CAVER,nju2k,shift_1,full_protocol,500,0.030997833131579684,D:\\PhysCausalDiff\\output\\external_baselines\\caver_protocol\\condition_summary.csv
CAVER,nju2k,shift_2,full_protocol,500,0.03210804695752449,D:\\PhysCausalDiff\\output\\external_baselines\\caver_protocol\\condition_summary.csv
CAVER,nju2k,shift_3,full_protocol,500,0.03424903547530994,D:\\PhysCausalDiff\\output\\external_baselines\\caver_protocol\\condition_summary.csv
CAVER,nlpr,blur_1,full_protocol,300,0.02055992108847325,D:\\PhysCausalDiff\\output\\external_baselines\\caver_protocol\\condition_summary.csv
CAVER,nlpr,blur_2,full_protocol,300,0.020485150307261696,D:\\PhysCausalDiff\\output\\external_baselines\\caver_protocol\\condition_summary.csv
CAVER,nlpr,blur_3,full_protocol,300,0.020657851970754565,D:\\PhysCausalDiff\\output\\external_baselines\\caver_protocol\\condition_summary.csv
CAVER,nlpr,clean_0,full_protocol,300,0.02022004337942538,D:\\PhysCausalDiff\\output\\external_baselines\\caver_protocol\\condition_summary.csv
CAVER,nlpr,holes_1,full_protocol,300,0.023772019918930406,D:\\PhysCausalDiff\\output\\external_baselines\\caver_protocol\\condition_summary.csv
CAVER,nlpr,holes_2,full_protocol,300,0.024428047677113984,D:\\PhysCausalDiff\\output\\external_baselines\\caver_protocol\\condition_summary.csv
CAVER,nlpr,holes_3,full_protocol,300,0.02551410723438797,D:\\PhysCausalDiff\\output\\external_baselines\\caver_protocol\\condition_summary.csv
CAVER,nlpr,noise_1,full_protocol,300,0.02069585436974497,D:\\PhysCausalDiff\\output\\external_baselines\\caver_protocol\\condition_summary.csv
CAVER,nlpr,noise_2,full_protocol,300,0.021041286240215413,D:\\PhysCausalDiff\\output\\external_baselines\\caver_protocol\\condition_summary.csv
CAVER,nlpr,noise_3,full_protocol,300,0.02141453308557781,D:\\PhysCausalDiff\\output\\external_baselines\\caver_protocol\\condition_summary.csv
CAVER,nlpr,removal_0,full_protocol,300,0.022790584357765813,D:\\PhysCausalDiff\\output\\external_baselines\\caver_protocol\\condition_summary.csv
CAVER,nlpr,shift_1,full_protocol,300,0.020396684855610754,D:\\PhysCausalDiff\\output\\external_baselines\\caver_protocol\\condition_summary.csv
CAVER,nlpr,shift_2,full_protocol,300,0.020701593604171648,D:\\PhysCausalDiff\\output\\external_baselines\\caver_protocol\\condition_summary.csv
CAVER,nlpr,shift_3,full_protocol,300,0.02138299997857151,D:\\PhysCausalDiff\\output\\external_baselines\\caver_protocol\\condition_summary.csv
CAVER,sip,blur_1,full_protocol,929,0.042716390339745884,D:\\PhysCausalDiff\\output\\external_baselines\\caver_protocol\\condition_summary.csv
CAVER,sip,blur_2,full_protocol,929,0.04451078376046054,D:\\PhysCausalDiff\\output\\external_baselines\\caver_protocol\\condition_summary.csv
CAVER,sip,blur_3,full_protocol,929,0.04581367111899183,D:\\PhysCausalDiff\\output\\external_baselines\\caver_protocol\\condition_summary.csv
CAVER,sip,clean_0,full_protocol,929,0.04201923975038299,D:\\PhysCausalDiff\\output\\external_baselines\\caver_protocol\\condition_summary.csv
CAVER,sip,holes_1,full_protocol,929,0.04941303305081277,D:\\PhysCausalDiff\\output\\external_baselines\\caver_protocol\\condition_summary.csv
CAVER,sip,holes_2,full_protocol,929,0.057421581153993456,D:\\PhysCausalDiff\\output\\external_baselines\\caver_protocol\\condition_summary.csv
CAVER,sip,holes_3,full_protocol,929,0.058497955590041416,D:\\PhysCausalDiff\\output\\external_baselines\\caver_protocol\\condition_summary.csv
CAVER,sip,noise_1,full_protocol,929,0.041466493781082595,D:\\PhysCausalDiff\\output\\external_baselines\\caver_protocol\\condition_summary.csv
CAVER,sip,noise_2,full_protocol,929,0.04164689638555667,D:\\PhysCausalDiff\\output\\external_baselines\\caver_protocol\\condition_summary.csv
CAVER,sip,noise_3,full_protocol,929,0.04301432894309231,D:\\PhysCausalDiff\\output\\external_baselines\\caver_protocol\\condition_summary.csv
CAVER,sip,removal_0,full_protocol,929,0.058273614129849556,D:\\PhysCausalDiff\\output\\external_baselines\\caver_protocol\\condition_summary.csv
CAVER,sip,shift_1,full_protocol,929,0.04255905149422337,D:\\PhysCausalDiff\\output\\external_baselines\\caver_protocol\\condition_summary.csv
CAVER,sip,shift_2,full_protocol,929,0.04387079056881697,D:\\PhysCausalDiff\\output\\external_baselines\\caver_protocol\\condition_summary.csv
CAVER,sip,shift_3,full_protocol,929,0.04685925292873713,D:\\PhysCausalDiff\\output\\external_baselines\\caver_protocol\\condition_summary.csv
DFM-Net,,clean_clean_model,pilot_8_images,8,0.46141567826271057,D:\\PhysCausalDiff\\output\\external_baselines\\dfm_training\\evaluation_summary.csv
DFM-Net,,corruption_clean_model,pilot_8_images,8,0.4594927541911602,D:\\PhysCausalDiff\\output\\external_baselines\\dfm_training\\evaluation_summary.csv
DFM-Net,,clean_corr_model,pilot_8_images,8,0.4579991549253464,D:\\PhysCausalDiff\\output\\external_baselines\\dfm_training\\evaluation_summary.csv
DFM-Net,,corruption_corr_model,pilot_8_images,8,0.45770711824297905,D:\\PhysCausalDiff\\output\\external_baselines\\dfm_training\\evaluation_summary.csv
DFM-Net,nlpr,clean_clean_model,pilot_8_images,8,0.44441742822527885,D:\\PhysCausalDiff\\output\\external_baselines\\dfm_training\\evaluation_summary.csv
DFM-Net,nlpr,corruption_clean_model,pilot_8_images,8,0.4431033954024315,D:\\PhysCausalDiff\\output\\external_baselines\\dfm_training\\evaluation_summary.csv
DFM-Net,nlpr,clean_corr_model,pilot_8_images,8,0.440094206482172,D:\\PhysCausalDiff\\output\\external_baselines\\dfm_training\\evaluation_summary.csv
DFM-Net,nlpr,corruption_corr_model,pilot_8_images,8,0.4414244405925274,D:\\PhysCausalDiff\\output\\external_baselines\\dfm_training\\evaluation_summary.csv
DFM-Net,sip,clean_clean_model,pilot_8_images,8,0.44381294772028923,D:\\PhysCausalDiff\\output\\external_baselines\\dfm_training\\evaluation_summary.csv
DFM-Net,sip,corruption_clean_model,pilot_8_images,8,0.4410506971180439,D:\\PhysCausalDiff\\output\\external_baselines\\dfm_training\\evaluation_summary.csv
DFM-Net,sip,clean_corr_model,pilot_8_images,8,0.44350018352270126,D:\\PhysCausalDiff\\output\\external_baselines\\dfm_training\\evaluation_summary.csv
DFM-Net,sip,corruption_corr_model,pilot_8_images,8,0.4424194507300854,D:\\PhysCausalDiff\\output\\external_baselines\\dfm_training\\evaluation_summary.csv
DFM-Net,nju2k,clean_clean128,pilot_16_images,16,0.3697202783077955,D:\\PhysCausalDiff\\output\\external_baselines\\dfm_training\eval_nju2k_clean128_on_clean.json
DFM-Net,nju2k,corruption_corr128,pilot_16_images,16,0.3594396188855171,D:\\PhysCausalDiff\\output\\external_baselines\\dfm_training\eval_nju2k_corr128_on_corr.json
DFM-Net,nlpr,clean_clean128,pilot_16_images,16,0.29509041272103786,D:\\PhysCausalDiff\\output\\external_baselines\\dfm_training\eval_nlpr_clean128_on_clean.json
DFM-Net,nlpr,corruption_corr128,pilot_16_images,16,0.28021249175071716,D:\\PhysCausalDiff\\output\\external_baselines\\dfm_training\eval_nlpr_corr128_on_corr.json
DFM-Net,sip,clean_clean128,pilot_16_images,16,0.35347682796418667,D:\\PhysCausalDiff\\output\\external_baselines\\dfm_training\eval_sip_clean128_on_clean.json
DFM-Net,sip,corruption_corr128,pilot_16_images,16,0.338446207344532,D:\\PhysCausalDiff\\output\\external_baselines\\dfm_training\eval_sip_corr128_on_corr.json
