dataset,id,family,severity,seed,mae_320,mae_native
NJU2K,000008_left,blur,2,17,0.0075313979759812355,0.00761493481695652
NJU2K,000013_left,blur,2,17,0.022395092993974686,0.02234591729938984
NJU2K,000017_left,blur,2,17,0.014479441568255424,0.01424252986907959
NJU2K,000023_left,blur,2,17,0.054233647882938385,0.054058026522397995
NJU2K,000025_left,blur,2,17,0.058015719056129456,0.05813632160425186
NJU2K,000026_left,blur,2,17,0.10315093398094177,0.10325515270233154
NJU2K,000027_left,blur,2,17,0.011411052197217941,0.011235981248319149
NJU2K,000028_left,blur,2,17,0.01219448447227478,0.012101573869585991
NJU2K,000034_left,blur,2,17,0.010639662854373455,0.010587668977677822
NJU2K,000040_left,blur,2,17,0.0071655018255114555,0.007050605025142431
NJU2K,000043_left,blur,2,17,0.03002648986876011,0.030074656009674072
NJU2K,000084_left,blur,2,17,0.008683212101459503,0.008137216791510582
NJU2K,000087_left,blur,2,17,0.009656456299126148,0.009469592943787575
NJU2K,000089_left,blur,2,17,0.017418570816516876,0.01728406921029091
NJU2K,000090_left,blur,2,17,0.005612558219581842,0.005676053464412689
NJU2K,000097_left,blur,2,17,0.05308861657977104,0.052961766719818115
NJU2K,000100_left,blur,2,17,0.01795237325131893,0.01763646863400936
NJU2K,000110_left,blur,2,17,0.014866020530462265,0.014817491173744202
NJU2K,000111_left,blur,2,17,0.08219568431377411,0.0821855217218399
NJU2K,000114_left,blur,2,17,0.0819266214966774,0.08178750425577164
NJU2K,000117_left,blur,2,17,0.008525453507900238,0.008350634016096592
NJU2K,000119_left,blur,2,17,0.014619085937738419,0.014445096254348755
NJU2K,000122_left,blur,2,17,0.01152382418513298,0.011456271633505821
NJU2K,000124_left,blur,2,17,0.004119088873267174,0.004094263538718224
NJU2K,000132_left,blur,2,17,0.05187566578388214,0.051813870668411255
NJU2K,000134_left,blur,2,17,0.022760869935154915,0.02264389768242836
NJU2K,000139_left,blur,2,17,0.020522205159068108,0.02037913352251053
NJU2K,000145_left,blur,2,17,0.010885295458137989,0.010815865360200405
NJU2K,000155_left,blur,2,17,0.12657418847084045,0.12645722925662994
NJU2K,000156_left,blur,2,17,0.06648562103509903,0.06643291562795639
NJU2K,000157_left,blur,2,17,0.04919605329632759,0.049046196043491364
NJU2K,000162_left,blur,2,17,0.055378980934619904,0.054915715008974075
NJU2K,000167_left,blur,2,17,0.016254670917987823,0.016026096418499947
NJU2K,000176_left,blur,2,17,0.02595880813896656,0.0258474200963974
NJU2K,000183_left,blur,2,17,0.008744250982999802,0.008768662810325623
NJU2K,000187_left,blur,2,17,0.016492540016770363,0.01651483215391636
NJU2K,000188_left,blur,2,17,0.013726549223065376,0.013709286227822304
NJU2K,000196_left,blur,2,17,0.009854990057647228,0.00979040376842022
NJU2K,000198_left,blur,2,17,0.023519234731793404,0.023323968052864075
NJU2K,000199_left,blur,2,17,0.03864225000143051,0.038538023829460144
NJU2K,000208_left,blur,2,17,0.054326094686985016,0.05374709144234657
NJU2K,000213_left,blur,2,17,0.00931808166205883,0.009365392848849297
NJU2K,000215_left,blur,2,17,0.007426164578646421,0.007353868801146746
NJU2K,000216_left,blur,2,17,0.01928403601050377,0.019360795617103577
NJU2K,000219_left,blur,2,17,0.0022452028933912516,0.002215354237705469
NJU2K,000223_left,blur,2,17,0.011613044887781143,0.011678064242005348
NJU2K,000227_left,blur,2,17,0.03779047727584839,0.03758638724684715
NJU2K,000237_left,blur,2,17,0.012331502512097359,0.012294860556721687
NJU2K,000239_left,blur,2,17,0.015110557898879051,0.015050557442009449
NJU2K,000240_left,blur,2,17,0.029255226254463196,0.029205217957496643
NJU2K,000251_left,blur,2,17,0.026803137734532356,0.026922721415758133
NJU2K,000257_left,blur,2,17,0.010075067169964314,0.009998744353652
NJU2K,000258_left,blur,2,17,0.03292663022875786,0.03268752992153168
NJU2K,000261_left,blur,2,17,0.020812232047319412,0.020742416381835938
NJU2K,000268_left,blur,2,17,0.02799469418823719,0.027720239013433456
NJU2K,000269_left,blur,2,17,0.02366562932729721,0.023608792573213577
NJU2K,000271_left,blur,2,17,0.08496987074613571,0.08535784482955933
NJU2K,000273_left,blur,2,17,0.013201163150370121,0.013067991472780704
NJU2K,000274_left,blur,2,17,0.02718089148402214,0.027059445157647133
NJU2K,000277_left,blur,2,17,0.004629509057849646,0.004754199646413326
NJU2K,000296_left,blur,2,17,0.050075381994247437,0.050126753747463226
NJU2K,000315_left,blur,2,17,0.02168363146483898,0.02153569832444191
NJU2K,000316_left,blur,2,17,0.035256169736385345,0.035147495567798615
NJU2K,000318_left,blur,2,17,0.0251621101051569,0.02480381913483143
NJU2K,000320_left,blur,2,17,0.0062607997097074986,0.006502716802060604
NJU2K,000321_left,blur,2,17,0.006851869635283947,0.006790842395275831
NJU2K,000333_left,blur,2,17,0.011156481690704823,0.010732545517385006
NJU2K,000334_left,blur,2,17,0.0042181299068033695,0.0042891837656497955
NJU2K,000335_left,blur,2,17,0.014066671021282673,0.014085309579968452
NJU2K,000339_left,blur,2,17,0.12111076712608337,0.12102675437927246
NJU2K,000340_left,blur,2,17,0.012568187899887562,0.012333090417087078
NJU2K,000344_left,blur,2,17,0.02379239723086357,0.023646727204322815
NJU2K,000349_left,blur,2,17,0.011550637893378735,0.011400800198316574
NJU2K,000353_left,blur,2,17,0.008122706785798073,0.007941095158457756
NJU2K,000356_left,blur,2,17,0.017534146085381508,0.01752840168774128
NJU2K,000358_left,blur,2,17,0.007945144549012184,0.007801337633281946
NJU2K,000360_left,blur,2,17,0.08475477993488312,0.08471161872148514
NJU2K,000364_left,blur,2,17,0.011434411630034447,0.01142966654151678
NJU2K,000368_left,blur,2,17,0.013545919209718704,0.013472224585711956
NJU2K,000377_left,blur,2,17,0.012384322471916676,0.012380938045680523
NJU2K,000379_left,blur,2,17,0.014183218590915203,0.014117296785116196
NJU2K,000382_left,blur,2,17,0.013696620240807533,0.013741867616772652
NJU2K,000384_left,blur,2,17,0.042949143797159195,0.04268385469913483
NJU2K,000388_left,blur,2,17,0.01358715258538723,0.013345030136406422
NJU2K,000391_left,blur,2,17,0.06696434319019318,0.06687366962432861
NJU2K,000396_left,blur,2,17,0.010891254059970379,0.010960318148136139
NJU2K,000397_left,blur,2,17,0.11489228904247284,0.11512362211942673
NJU2K,000403_left,blur,2,17,0.007370388600975275,0.007220451254397631
NJU2K,000404_left,blur,2,17,0.015221956185996532,0.015266576781868935
NJU2K,000406_left,blur,2,17,0.008955912664532661,0.00900644063949585
NJU2K,000410_left,blur,2,17,0.020484762266278267,0.020339732989668846
NJU2K,000425_left,blur,2,17,0.03192470595240593,0.031737320125103
NJU2K,000428_left,blur,2,17,0.007304891478270292,0.007161659188568592
NJU2K,000430_left,blur,2,17,0.010878625325858593,0.01067370641976595
NJU2K,000445_left,blur,2,17,0.03274587541818619,0.03292270377278328
NJU2K,000448_left,blur,2,17,0.015135509893298149,0.015064256265759468
NJU2K,000450_left,blur,2,17,0.03649833798408508,0.036493007093667984
NJU2K,000451_left,blur,2,17,0.02555527165532112,0.02543986588716507
NJU2K,000452_left,blur,2,17,0.052805639803409576,0.05300731956958771
NJU2K,000454_left,blur,2,17,0.009004932828247547,0.008983581326901913
NJU2K,000455_left,blur,2,17,0.01490194071084261,0.014730610884726048
NJU2K,000458_left,blur,2,17,0.006742375902831554,0.0066131954081356525
NJU2K,000463_left,blur,2,17,0.014994263648986816,0.014817817136645317
NJU2K,000469_left,blur,2,17,0.017290396615862846,0.01720837689936161
NJU2K,000472_left,blur,2,17,0.015002138912677765,0.014897223562002182
NJU2K,000474_left,blur,2,17,0.05681457370519638,0.05655355751514435
NJU2K,000476_left,blur,2,17,0.024119703099131584,0.023973209783434868
NJU2K,000478_left,blur,2,17,0.01292402297258377,0.012903250753879547
NJU2K,000486_left,blur,2,17,0.02286705933511257,0.022900791838765144
NJU2K,000490_left,blur,2,17,0.007619124837219715,0.0075975521467626095
NJU2K,000492_left,blur,2,17,0.012180413119494915,0.012105315923690796
NJU2K,000498_left,blur,2,17,0.014295411296188831,0.01423487439751625
NJU2K,000501_left,blur,2,17,0.05443036928772926,0.05431254580616951
NJU2K,000502_left,blur,2,17,0.039396848529577255,0.03947795554995537
NJU2K,000513_left,blur,2,17,0.02844206802546978,0.028357818722724915
NJU2K,000516_left,blur,2,17,0.018009984865784645,0.017853857949376106
NJU2K,000526_left,blur,2,17,0.012534989975392818,0.012456586584448814
NJU2K,000534_left,blur,2,17,0.01192241907119751,0.011736810207366943
NJU2K,000535_left,blur,2,17,0.019550129771232605,0.019490746781229973
NJU2K,000542_left,blur,2,17,0.06917238980531693,0.06890836358070374
NJU2K,000544_left,blur,2,17,0.042523905634880066,0.04258598014712334
NJU2K,000545_left,blur,2,17,0.07139936089515686,0.07151443511247635
NJU2K,000547_left,blur,2,17,0.020729267969727516,0.020770052447915077
NJU2K,000551_left,blur,2,17,0.00541732320562005,0.005515849683433771
NJU2K,000558_left,blur,2,17,0.014194745570421219,0.014129463583230972
NJU2K,000566_left,blur,2,17,0.08363227546215057,0.08345121145248413
NJU2K,000571_left,blur,2,17,0.045978039503097534,0.045935872942209244
NJU2K,000581_left,blur,2,17,0.02587716095149517,0.02559475041925907
NJU2K,000582_left,blur,2,17,0.011510765179991722,0.011625468730926514
NJU2K,000586_left,blur,2,17,0.08266294747591019,0.08184292912483215
NJU2K,000591_left,blur,2,17,0.17407768964767456,0.17421090602874756
NJU2K,000592_left,blur,2,17,0.06873131543397903,0.06865248084068298
NJU2K,000594_left,blur,2,17,0.015759533271193504,0.015951057896018028
NJU2K,000605_left,blur,2,17,0.02349359542131424,0.023455295711755753
NJU2K,000606_left,blur,2,17,0.02814488112926483,0.028206633403897285
NJU2K,000611_left,blur,2,17,0.013519007712602615,0.013326317071914673
NJU2K,000616_left,blur,2,17,0.03396196290850639,0.03409480303525925
NJU2K,000620_left,blur,2,17,0.06040116772055626,0.06005079299211502
NJU2K,000621_left,blur,2,17,0.08131198585033417,0.0812099501490593
NJU2K,000624_left,blur,2,17,0.020001200959086418,0.019801020622253418
NJU2K,000631_left,blur,2,17,0.017155278474092484,0.017121870070695877
NJU2K,000634_left,blur,2,17,0.007537726312875748,0.007458588108420372
NJU2K,000635_left,blur,2,17,0.021331530064344406,0.021329274401068687
NJU2K,000636_left,blur,2,17,0.01126365177333355,0.011233676224946976
NJU2K,000637_left,blur,2,17,0.28255385160446167,0.28271061182022095
NJU2K,000642_left,blur,2,17,0.008899669162929058,0.008739029057323933
NJU2K,000643_left,blur,2,17,0.003763351356610656,0.003639163915067911
NJU2K,000645_left,blur,2,17,0.04640782251954079,0.04621779918670654
NJU2K,000651_left,blur,2,17,0.0964268296957016,0.09639843553304672
NJU2K,000652_left,blur,2,17,0.030889224261045456,0.030937829986214638
NJU2K,000654_left,blur,2,17,0.02874969318509102,0.028647640720009804
NJU2K,000655_left,blur,2,17,0.00919460691511631,0.009022449143230915
NJU2K,000658_left,blur,2,17,0.04137963801622391,0.041259828954935074
NJU2K,000667_left,blur,2,17,0.02190650999546051,0.021773090586066246
NJU2K,000670_left,blur,2,17,0.10929496586322784,0.10904092341661453
NJU2K,000680_left,blur,2,17,0.01272640936076641,0.012607733719050884
NJU2K,000688_left,blur,2,17,0.1291714757680893,0.12907932698726654
NJU2K,000692_left,blur,2,17,0.02394048124551773,0.023818161338567734
NJU2K,000694_left,blur,2,17,0.008497733622789383,0.008432324044406414
NJU2K,000695_left,blur,2,17,0.018115079030394554,0.01792941242456436
NJU2K,000697_left,blur,2,17,0.014328308403491974,0.014013180509209633
NJU2K,000698_left,blur,2,17,0.009005351923406124,0.008904824033379555
NJU2K,000699_left,blur,2,17,0.19055061042308807,0.19049769639968872
NJU2K,000700_left,blur,2,17,0.013607081957161427,0.013059820048511028
NJU2K,000703_left,blur,2,17,0.02256590873003006,0.022751476615667343
NJU2K,000708_left,blur,2,17,0.021294448524713516,0.02115105278789997
NJU2K,000709_left,blur,2,17,0.10223671048879623,0.10192772001028061
NJU2K,000715_left,blur,2,17,0.0062739490531384945,0.006260831840336323
NJU2K,000721_left,blur,2,17,0.016888318583369255,0.016874421387910843
NJU2K,000722_left,blur,2,17,0.03445546329021454,0.034235354512929916
NJU2K,000728_left,blur,2,17,0.02105504274368286,0.021098844707012177
NJU2K,000733_left,blur,2,17,0.006146786268800497,0.006073867902159691
NJU2K,000734_left,blur,2,17,0.032122284173965454,0.032137904316186905
NJU2K,000735_left,blur,2,17,0.007665079087018967,0.007583388593047857
NJU2K,000749_left,blur,2,17,0.012692012824118137,0.012696905061602592
NJU2K,000754_left,blur,2,17,0.057403478771448135,0.05738693103194237
NJU2K,000761_left,blur,2,17,0.030358674004673958,0.029927406460046768
NJU2K,000764_left,blur,2,17,0.03032042272388935,0.029664024710655212
NJU2K,000766_left,blur,2,17,0.022282801568508148,0.022180238738656044
NJU2K,000771_left,blur,2,17,0.00666450522840023,0.006730150897055864
NJU2K,000773_left,blur,2,17,0.01847541704773903,0.018482545390725136
NJU2K,000778_left,blur,2,17,0.02148635871708393,0.021417783573269844
NJU2K,000779_left,blur,2,17,0.010226425714790821,0.010191095992922783
NJU2K,000781_left,blur,2,17,0.050190772861242294,0.0501883402466774
NJU2K,000790_left,blur,2,17,0.013526021502912045,0.013459363952279091
NJU2K,000792_left,blur,2,17,0.024578172713518143,0.024592595174908638
NJU2K,000795_left,blur,2,17,0.06780599802732468,0.06759551912546158
NJU2K,000802_left,blur,2,17,0.05974432826042175,0.05964979529380798
NJU2K,000803_left,blur,2,17,0.037468887865543365,0.03731844201683998
NJU2K,000813_left,blur,2,17,0.021297862753272057,0.021033497527241707
NJU2K,000819_left,blur,2,17,0.016034243628382683,0.01596715860068798
NJU2K,000820_left,blur,2,17,0.03310351446270943,0.03310266509652138
NJU2K,000822_left,blur,2,17,0.012935299426317215,0.013057723641395569
NJU2K,000824_left,blur,2,17,0.021442217752337456,0.020884770900011063
NJU2K,000831_left,blur,2,17,0.009206021204590797,0.009009390138089657
NJU2K,000836_left,blur,2,17,0.27679190039634705,0.27685263752937317
NJU2K,000845_left,blur,2,17,0.037480395287275314,0.03753426671028137
NJU2K,000846_left,blur,2,17,0.056045617908239365,0.05609600618481636
NJU2K,000848_left,blur,2,17,0.03442772850394249,0.034383922815322876
NJU2K,000853_left,blur,2,17,0.06909386813640594,0.06910344213247299
NJU2K,000857_left,blur,2,17,0.008496029302477837,0.008532565087080002
NJU2K,000860_left,blur,2,17,0.058836430311203,0.05893357843160629
NJU2K,000863_left,blur,2,17,0.01277119480073452,0.012669597752392292
NJU2K,000868_left,blur,2,17,0.0067123789340257645,0.006810529623180628
NJU2K,000876_left,blur,2,17,0.01144140213727951,0.01140681654214859
NJU2K,000886_left,blur,2,17,0.003142877481877804,0.003173090983182192
NJU2K,000887_left,blur,2,17,0.014284039847552776,0.01406705193221569
NJU2K,000896_left,blur,2,17,0.031988725066185,0.03175849840044975
NJU2K,000900_left,blur,2,17,0.007054297719150782,0.006996366661041975
NJU2K,000905_left,blur,2,17,0.0074607073329389095,0.0075639886781573296
NJU2K,000911_left,blur,2,17,0.04162968695163727,0.04148140922188759
NJU2K,000912_left,blur,2,17,0.007996778935194016,0.007937355898320675
NJU2K,000918_left,blur,2,17,0.008575080893933773,0.008678444661200047
NJU2K,000919_left,blur,2,17,0.006303064990788698,0.006554735824465752
NJU2K,000921_left,blur,2,17,0.020230179652571678,0.020285174250602722
NJU2K,000929_left,blur,2,17,0.016714228317141533,0.016705669462680817
NJU2K,000933_left,blur,2,17,0.12730462849140167,0.12783248722553253
NJU2K,000939_left,blur,2,17,0.0554126612842083,0.05526593700051308
NJU2K,000940_left,blur,2,17,0.009045641869306564,0.009081483818590641
NJU2K,000941_left,blur,2,17,0.01613130234181881,0.0159556083381176
NJU2K,000943_left,blur,2,17,0.009400993585586548,0.009563567116856575
NJU2K,000949_left,blur,2,17,0.037273190915584564,0.03724224492907524
NJU2K,000957_left,blur,2,17,0.005059555638581514,0.004989471286535263
NJU2K,000958_left,blur,2,17,0.00682317279279232,0.006727003492414951
NJU2K,000959_left,blur,2,17,0.007766838185489178,0.0076616499572992325
NJU2K,000968_left,blur,2,17,0.010587623342871666,0.010567779652774334
NJU2K,000975_left,blur,2,17,0.0664040818810463,0.06636522710323334
NJU2K,000987_left,blur,2,17,0.005566125735640526,0.00544757442548871
NJU2K,000989_left,blur,2,17,0.015520130284130573,0.015526882372796535
NJU2K,000991_left,blur,2,17,0.005999890621751547,0.0058623310178518295
NJU2K,000993_left,blur,2,17,0.061496246606111526,0.061830345541238785
NJU2K,001001_left,blur,2,17,0.009348297491669655,0.009378029964864254
NJU2K,001005_left,blur,2,17,0.009528875350952148,0.0094938725233078
NJU2K,001007_left,blur,2,17,0.02398054674267769,0.02381683699786663
NJU2K,001009_left,blur,2,17,0.03083731234073639,0.030793074518442154
NJU2K,001017_left,blur,2,17,0.08011022210121155,0.08010503649711609
NJU2K,001019_left,blur,2,17,0.01288476213812828,0.012383039109408855
NJU2K,001027_left,blur,2,17,0.24407343566417694,0.24389928579330444
NJU2K,001028_left,blur,2,17,0.007162018213421106,0.007109171710908413
NJU2K,001035_left,blur,2,17,0.01765216514468193,0.017522457987070084
NJU2K,001037_left,blur,2,17,0.007186251692473888,0.007147100754082203
NJU2K,001040_left,blur,2,17,0.011993736028671265,0.011894529685378075
NJU2K,001046_left,blur,2,17,0.00596108753234148,0.005892549175769091
NJU2K,001050_left,blur,2,17,0.005930168554186821,0.005813339725136757
NJU2K,001053_left,blur,2,17,0.004524208139628172,0.0044207037426531315
NJU2K,001064_left,blur,2,17,0.033003635704517365,0.03311239182949066
NJU2K,001068_left,blur,2,17,0.005236813798546791,0.005210665054619312
NJU2K,001071_left,blur,2,17,0.0383717343211174,0.03842421993613243
NJU2K,001077_left,blur,2,17,0.11193724721670151,0.11186431348323822
NJU2K,001078_left,blur,2,17,0.011549953371286392,0.011547363363206387
NJU2K,001080_left,blur,2,17,0.04274549335241318,0.04280831292271614
NJU2K,001081_left,blur,2,17,0.010812720283865929,0.010579541325569153
NJU2K,001085_left,blur,2,17,0.011000757105648518,0.010973121039569378
NJU2K,001091_left,blur,2,17,0.006478548515588045,0.006337323226034641
NJU2K,001103_left,blur,2,17,0.01738782599568367,0.01727747917175293
NJU2K,001105_left,blur,2,17,0.033848270773887634,0.0338142104446888
NJU2K,001111_left,blur,2,17,0.015419654548168182,0.014978009276092052
NJU2K,001114_left,blur,2,17,0.012260742485523224,0.012256037443876266
NJU2K,001121_left,blur,2,17,0.054304350167512894,0.05404715985059738
NJU2K,001123_left,blur,2,17,0.02906101383268833,0.028885163366794586
NJU2K,001125_left,blur,2,17,0.010821308009326458,0.010681240819394588
NJU2K,001138_left,blur,2,17,0.006504318676888943,0.006432832684367895
NJU2K,001139_left,blur,2,17,0.04154131934046745,0.04128481075167656
NJU2K,001141_left,blur,2,17,0.031026525422930717,0.030721651390194893
NJU2K,001144_left,blur,2,17,0.030921751633286476,0.030580122023820877
NJU2K,001145_left,blur,2,17,0.02447689324617386,0.024125559255480766
NJU2K,001151_left,blur,2,17,0.024253472685813904,0.024223756045103073
NJU2K,001160_left,blur,2,17,0.0037506662774831057,0.0036516236141324043
NJU2K,001163_left,blur,2,17,0.01962370239198208,0.01946563832461834
NJU2K,001164_left,blur,2,17,0.006171311251819134,0.006152247078716755
NJU2K,001167_left,blur,2,17,0.005925220437347889,0.0058892229571938515
NJU2K,001168_left,blur,2,17,0.0105543602257967,0.01037144660949707
NJU2K,001170_left,blur,2,17,0.046947430819272995,0.04699354246258736
NJU2K,001178_left,blur,2,17,0.18395403027534485,0.18381184339523315
NJU2K,001186_left,blur,2,17,0.01204684842377901,0.012067470699548721
NJU2K,001187_left,blur,2,17,0.035786986351013184,0.035485200583934784
NJU2K,001190_left,blur,2,17,0.009932631626725197,0.009937530383467674
NJU2K,001192_left,blur,2,17,0.009849824011325836,0.009854611940681934
NJU2K,001194_left,blur,2,17,0.00940322782844305,0.009279824793338776
NJU2K,001196_left,blur,2,17,0.06604863703250885,0.06603707373142242
NJU2K,001198_left,blur,2,17,0.012242990545928478,0.01228934433311224
NJU2K,001203_left,blur,2,17,0.006032029166817665,0.005984378978610039
NJU2K,001211_left,blur,2,17,0.007998984307050705,0.008045047521591187
NJU2K,001214_left,blur,2,17,0.010819214396178722,0.010610248893499374
NJU2K,001222_left,blur,2,17,0.019721608608961105,0.01973598077893257
NJU2K,001225_left,blur,2,17,0.011701149865984917,0.011624952778220177
NJU2K,001227_left,blur,2,17,0.12002353370189667,0.11997845023870468
NJU2K,001229_left,blur,2,17,0.01770922727882862,0.01770125702023506
NJU2K,001244_left,blur,2,17,0.012984522618353367,0.012996986508369446
NJU2K,001250_left,blur,2,17,0.030930891633033752,0.030390916392207146
NJU2K,001252_left,blur,2,17,0.2111310362815857,0.2111675888299942
NJU2K,001253_left,blur,2,17,0.11591192334890366,0.11577697843313217
NJU2K,001255_left,blur,2,17,0.015619299374520779,0.015436648391187191
NJU2K,001258_left,blur,2,17,0.008300207555294037,0.008212048560380936
NJU2K,001264_left,blur,2,17,0.04829898476600647,0.048417914658784866
NJU2K,001266_left,blur,2,17,0.046138014644384384,0.04610143229365349
NJU2K,001267_left,blur,2,17,0.006376275792717934,0.006354456767439842
NJU2K,001269_left,blur,2,17,0.05964012071490288,0.05940157547593117
NJU2K,001279_left,blur,2,17,0.02406877465546131,0.023974748328328133
NJU2K,001280_left,blur,2,17,0.01138371229171753,0.01134298276156187
NJU2K,001285_left,blur,2,17,0.01850338652729988,0.018509045243263245
NJU2K,001292_left,blur,2,17,0.06350576132535934,0.06352231651544571
NJU2K,001293_left,blur,2,17,0.05228394642472267,0.05221189931035042
NJU2K,001294_left,blur,2,17,0.007847004570066929,0.007836343720555305
NJU2K,001296_left,blur,2,17,0.07683464139699936,0.0768553838133812
NJU2K,001300_left,blur,2,17,0.14035546779632568,0.14032186567783356
NJU2K,001301_left,blur,2,17,0.12422208487987518,0.12432660162448883
NJU2K,001311_left,blur,2,17,0.09996645152568817,0.09980431944131851
NJU2K,001314_left,blur,2,17,0.006123581901192665,0.006099380552768707
NJU2K,001322_left,blur,2,17,0.023049110546708107,0.023037998005747795
NJU2K,001329_left,blur,2,17,0.0074234409257769585,0.00730132358148694
NJU2K,001330_left,blur,2,17,0.04406900331377983,0.04415009915828705
NJU2K,001333_left,blur,2,17,0.029482712969183922,0.02931271679699421
NJU2K,001335_left,blur,2,17,0.029489416629076004,0.029260123148560524
NJU2K,001336_left,blur,2,17,0.008631134405732155,0.008554385975003242
NJU2K,001337_left,blur,2,17,0.008808350190520287,0.0088295703753829
NJU2K,001342_left,blur,2,17,0.017895443364977837,0.01789010688662529
NJU2K,001345_left,blur,2,17,0.006325354799628258,0.006134290248155594
NJU2K,001349_left,blur,2,17,0.009322700090706348,0.00929839164018631
NJU2K,001352_left,blur,2,17,0.0067604114301502705,0.00659523019567132
NJU2K,001356_left,blur,2,17,0.010508885607123375,0.010513209737837315
NJU2K,001359_left,blur,2,17,0.01623578369617462,0.016048023477196693
NJU2K,001363_left,blur,2,17,0.05125992000102997,0.051179882138967514
NJU2K,001367_left,blur,2,17,0.047033410519361496,0.047113027423620224
NJU2K,001368_left,blur,2,17,0.010589883662760258,0.0104026198387146
NJU2K,001376_left,blur,2,17,0.08058421313762665,0.08058687299489975
NJU2K,001377_left,blur,2,17,0.03297306224703789,0.03286963328719139
NJU2K,001384_left,blur,2,17,0.08328462392091751,0.08285921812057495
NJU2K,001386_left,blur,2,17,0.007315291091799736,0.007054820656776428
NJU2K,001388_left,blur,2,17,0.014496531337499619,0.014418058097362518
NJU2K,001394_left,blur,2,17,0.04085587337613106,0.04133512079715729
NJU2K,001399_left,blur,2,17,0.004192262422293425,0.004116134252399206
NJU2K,001400_left,blur,2,17,0.006525829900056124,0.0065438528545200825
NJU2K,001401_left,blur,2,17,0.010526353493332863,0.010572889819741249
NJU2K,001406_left,blur,2,17,0.005667033139616251,0.0057138665579259396
NJU2K,001415_left,blur,2,17,0.006847434677183628,0.0068864417262375355
NJU2K,001425_left,blur,2,17,0.014872688800096512,0.014811043627560139
NJU2K,001426_left,blur,2,17,0.012340124696493149,0.012271881103515625
NJU2K,001430_left,blur,2,17,0.013026140630245209,0.013121665455400944
NJU2K,001433_left,blur,2,17,0.025558555498719215,0.025591494515538216
NJU2K,001436_left,blur,2,17,0.005490507930517197,0.005280019715428352
NJU2K,001437_left,blur,2,17,0.0064718155190348625,0.006454291753470898
NJU2K,001440_left,blur,2,17,0.006263479590415955,0.006147716660052538
NJU2K,001446_left,blur,2,17,0.02026163414120674,0.020367121323943138
NJU2K,001447_left,blur,2,17,0.016117623075842857,0.01605699583888054
NJU2K,001450_left,blur,2,17,0.016420505940914154,0.016352174803614616
NJU2K,001452_left,blur,2,17,0.006682697683572769,0.006521042436361313
NJU2K,001454_left,blur,2,17,0.2366989105939865,0.23656874895095825
NJU2K,001455_left,blur,2,17,0.01618061028420925,0.015945537015795708
NJU2K,001459_left,blur,2,17,0.005905153229832649,0.005907368380576372
NJU2K,001462_left,blur,2,17,0.015831800177693367,0.01567927747964859
NJU2K,001465_left,blur,2,17,0.005986741278320551,0.005737970117479563
NJU2K,001472_left,blur,2,17,0.3236199915409088,0.3236014246940613
NJU2K,001474_left,blur,2,17,0.027602503076195717,0.02755087800323963
NJU2K,001476_left,blur,2,17,0.02840566076338291,0.02820000983774662
NJU2K,001480_left,blur,2,17,0.010192234069108963,0.010070497170090675
NJU2K,001485_left,blur,2,17,0.04926742985844612,0.049115780740976334
NJU2K,001501_left,blur,2,17,0.011110441759228706,0.01060834527015686
NJU2K,001503_left,blur,2,17,0.01273289043456316,0.012653963640332222
NJU2K,001508_left,blur,2,17,0.08796222507953644,0.08775996416807175
NJU2K,001509_left,blur,2,17,0.05814099684357643,0.0579637810587883
NJU2K,001519_left,blur,2,17,0.0057960571721196175,0.005711700767278671
NJU2K,001522_left,blur,2,17,0.0064084697514772415,0.006330449134111404
NJU2K,001526_left,blur,2,17,0.0036796594504266977,0.0035694462712854147
NJU2K,001528_left,blur,2,17,0.08342637121677399,0.08351532369852066
NJU2K,001530_left,blur,2,17,0.013468772172927856,0.013319519348442554
NJU2K,001535_left,blur,2,17,0.019193395972251892,0.019059721380472183
NJU2K,001542_left,blur,2,17,0.017576878890395164,0.017593596130609512
NJU2K,001547_left,blur,2,17,0.035725027322769165,0.03560759127140045
NJU2K,001548_left,blur,2,17,0.17849336564540863,0.17849968373775482
NJU2K,001550_left,blur,2,17,0.16632360219955444,0.16612555086612701
NJU2K,001557_left,blur,2,17,0.016889775171875954,0.016985712572932243
NJU2K,001562_left,blur,2,17,0.0813734233379364,0.08118842542171478
NJU2K,001564_left,blur,2,17,0.027824807912111282,0.027620458975434303
NJU2K,001569_left,blur,2,17,0.010038889944553375,0.01008032076060772
NJU2K,001572_left,blur,2,17,0.05937514454126358,0.05931823328137398
NJU2K,001580_left,blur,2,17,0.007022734731435776,0.006849294528365135
NJU2K,001582_left,blur,2,17,0.006571042351424694,0.006527389399707317
NJU2K,001583_left,blur,2,17,0.007132426369935274,0.007158411666750908
NJU2K,001588_left,blur,2,17,0.07567396014928818,0.07566505670547485
NJU2K,001591_left,blur,2,17,0.006121894810348749,0.005990769248455763
NJU2K,001594_left,blur,2,17,0.01243457943201065,0.01222132332623005
NJU2K,001598_left,blur,2,17,0.009970844723284245,0.009962622076272964
NJU2K,001603_left,blur,2,17,0.10639067739248276,0.1062801405787468
NJU2K,001604_left,blur,2,17,0.02545132115483284,0.025391478091478348
NJU2K,001608_left,blur,2,17,0.009464328177273273,0.009397178888320923
NJU2K,001612_left,blur,2,17,0.0628725215792656,0.06288126856088638
NJU2K,001613_left,blur,2,17,0.007611764129251242,0.007502199616283178
NJU2K,001622_left,blur,2,17,0.15527445077896118,0.15519270300865173
NJU2K,001628_left,blur,2,17,0.009256328456103802,0.009209471754729748
NJU2K,001629_left,blur,2,17,0.004623579327017069,0.004572935402393341
NJU2K,001632_left,blur,2,17,0.037322647869586945,0.037404198199510574
NJU2K,001647_left,blur,2,17,0.009788230061531067,0.009856772609055042
NJU2K,001650_left,blur,2,17,0.011883820407092571,0.011767138727009296
NJU2K,001651_left,blur,2,17,0.034204937517642975,0.03399922326207161
NJU2K,001653_left,blur,2,17,0.016193360090255737,0.016170384362339973
NJU2K,001654_left,blur,2,17,0.0031144057866185904,0.0030950517393648624
NJU2K,001655_left,blur,2,17,0.048518918454647064,0.048631392419338226
NJU2K,001657_left,blur,2,17,0.018657634034752846,0.018522009253501892
NJU2K,001668_left,blur,2,17,0.03364971652626991,0.033546093851327896
NJU2K,001676_left,blur,2,17,0.006278821732848883,0.00636944267898798
NJU2K,001677_left,blur,2,17,0.018638843670487404,0.01866324432194233
NJU2K,001679_left,blur,2,17,0.006211472675204277,0.006138136610388756
NJU2K,001681_left,blur,2,17,0.024636782705783844,0.02468171715736389
NJU2K,001682_left,blur,2,17,0.006536451634019613,0.006500246934592724
NJU2K,001685_left,blur,2,17,0.0055107963271439075,0.005428400821983814
NJU2K,001691_left,blur,2,17,0.23540310561656952,0.2354077845811844
NJU2K,001709_left,blur,2,17,0.0036388197913765907,0.003659818321466446
NJU2K,001710_left,blur,2,17,0.015223843976855278,0.015254524536430836
NJU2K,001711_left,blur,2,17,0.0666758269071579,0.06673773378133774
NJU2K,001712_left,blur,2,17,0.022819537669420242,0.022684048861265182
NJU2K,001713_left,blur,2,17,0.009409094229340553,0.00933416374027729
NJU2K,001717_left,blur,2,17,0.005743858870118856,0.005891451146453619
NJU2K,001721_left,blur,2,17,0.005461596883833408,0.005366148427128792
NJU2K,001724_left,blur,2,17,0.00926252081990242,0.009271268732845783
NJU2K,001727_left,blur,2,17,0.0034975013695657253,0.003537081414833665
NJU2K,001731_left,blur,2,17,0.006460066419094801,0.0064207944087684155
NJU2K,001733_left,blur,2,17,0.008408392779529095,0.008228002116084099
NJU2K,001735_left,blur,2,17,0.0052678524516522884,0.005247776862233877
NJU2K,001736_left,blur,2,17,0.009273425675928593,0.009054193273186684
NJU2K,001737_left,blur,2,17,0.013417980633676052,0.013471132144331932
NJU2K,001744_left,blur,2,17,0.014309666119515896,0.014180067926645279
NJU2K,001746_left,blur,2,17,0.004687448963522911,0.004718415904790163
NJU2K,001748_left,blur,2,17,0.0036875265650451183,0.0037840413860976696
NJU2K,001753_left,blur,2,17,0.005790822673588991,0.005800045095384121
NJU2K,001766_left,blur,2,17,0.017253149300813675,0.017102178186178207
NJU2K,001775_left,blur,2,17,0.00674944743514061,0.006663311272859573
NJU2K,001776_left,blur,2,17,0.015717683359980583,0.015779228881001472
NJU2K,001784_left,blur,2,17,0.0017192800296470523,0.0017307110829278827
NJU2K,001786_left,blur,2,17,0.009422680363059044,0.00947593804448843
NJU2K,001787_left,blur,2,17,0.005470683798193932,0.005459295120090246
NJU2K,001789_left,blur,2,17,0.010784737765789032,0.010751507245004177
NJU2K,001795_left,blur,2,17,0.005096718668937683,0.005083100404590368
NJU2K,001797_left,blur,2,17,0.0076948367059230804,0.007552365306764841
NJU2K,001807_left,blur,2,17,0.006805815268307924,0.006860228255391121
NJU2K,001813_left,blur,2,17,0.005133464466780424,0.0050593153573572636
NJU2K,001814_left,blur,2,17,0.10187643021345139,0.10187336057424545
NJU2K,001816_left,blur,2,17,0.004730946850031614,0.0046707335859537125
NJU2K,001817_left,blur,2,17,0.006246559787541628,0.006134798284620047
NJU2K,001822_left,blur,2,17,0.005827493499964476,0.0058752913028001785
NJU2K,001826_left,blur,2,17,0.00481259124353528,0.004698778036981821
NJU2K,001835_left,blur,2,17,0.0061049568466842175,0.0060172490775585175
NJU2K,001837_left,blur,2,17,0.07775218039751053,0.07779788970947266
NJU2K,001839_left,blur,2,17,0.008783468045294285,0.008864437229931355
NJU2K,001840_left,blur,2,17,0.008702652528882027,0.008706051856279373
NJU2K,001841_left,blur,2,17,0.007445726543664932,0.007289128843694925
NJU2K,001842_left,blur,2,17,0.007510425057262182,0.007503144908696413
NJU2K,001843_left,blur,2,17,0.008076566271483898,0.008073591627180576
NJU2K,001847_left,blur,2,17,0.010950769297778606,0.01093018427491188
NJU2K,001852_left,blur,2,17,0.016066543757915497,0.016087740659713745
NJU2K,001857_left,blur,2,17,0.020414354279637337,0.020250029861927032
NJU2K,001858_left,blur,2,17,0.005694147199392319,0.005585126578807831
NJU2K,001865_left,blur,2,17,0.0159523356705904,0.015835046768188477
NJU2K,001871_left,blur,2,17,0.009832348674535751,0.00973053090274334
NJU2K,001879_left,blur,2,17,0.014004235155880451,0.01402137242257595
NJU2K,001882_left,blur,2,17,0.009961575269699097,0.009975368157029152
NJU2K,001887_left,blur,2,17,0.007595759816467762,0.007476008962839842
NJU2K,001890_left,blur,2,17,0.006272101309150457,0.006012399680912495
NJU2K,001891_left,blur,2,17,0.02016693912446499,0.02006133832037449
NJU2K,001897_left,blur,2,17,0.020395558327436447,0.02013266272842884
NJU2K,001900_left,blur,2,17,0.025649456307291985,0.02562917023897171
NJU2K,001901_left,blur,2,17,0.02210209332406521,0.022014975547790527
NJU2K,001902_left,blur,2,17,0.018052443861961365,0.018000591546297073
NJU2K,001906_left,blur,2,17,0.01282407995313406,0.012805037200450897
NJU2K,001908_left,blur,2,17,0.027020655572414398,0.027041606605052948
NJU2K,001910_left,blur,2,17,0.0072077675722539425,0.007218656130135059
NJU2K,001912_left,blur,2,17,0.01112375222146511,0.011009902693331242
NJU2K,001917_left,blur,2,17,0.25750887393951416,0.25743675231933594
NJU2K,001918_left,blur,2,17,0.2019943743944168,0.20187236368656158
NJU2K,001921_left,blur,2,17,0.010039780288934708,0.010022735223174095
NJU2K,001927_left,blur,2,17,0.08361867815256119,0.08346878737211227
NJU2K,001928_left,blur,2,17,0.011803564615547657,0.011729373596608639
NJU2K,001932_left,blur,2,17,0.008622745983302593,0.008617672137916088
NJU2K,001935_left,blur,2,17,0.041314467787742615,0.04123038798570633
NJU2K,001940_left,blur,2,17,0.009878524579107761,0.009930102154612541
NJU2K,001947_left,blur,2,17,0.01758010871708393,0.01747959479689598
NJU2K,001949_left,blur,2,17,0.017937738448381424,0.01788150705397129
NJU2K,001952_left,blur,2,17,0.013767615891993046,0.013683696277439594
NJU2K,001955_left,blur,2,17,0.03238271176815033,0.0322289764881134
NJU2K,001957_left,blur,2,17,0.023927755653858185,0.02401944436132908
NJU2K,001959_left,blur,2,17,0.007899126969277859,0.007800349500030279
NJU2K,001962_left,blur,2,17,0.0100765535607934,0.01008229237049818
NJU2K,001966_left,blur,2,17,0.004942920058965683,0.004902243614196777
NJU2K,001968_left,blur,2,17,0.16859661042690277,0.1686481535434723
NJU2K,001969_left,blur,2,17,0.15121512115001678,0.15119034051895142
NJU2K,001970_left,blur,2,17,0.006909055635333061,0.006829689256846905
NJU2K,001972_left,blur,2,17,0.03799374774098396,0.038105446845293045
NJU2K,001973_left,blur,2,17,0.011007513850927353,0.011018732562661171
NJU2K,001974_left,blur,2,17,0.005485550034791231,0.005443142727017403
NJU2K,001977_left,blur,2,17,0.013140648603439331,0.01311760488897562
NJU2K,001984_left,blur,2,17,0.004903996363282204,0.004855314735323191
NJU2K,001985_left,blur,2,17,0.006655738223344088,0.006537291221320629
NJU2K,001991_left,blur,2,17,0.008508187718689442,0.008399530313909054
NJU2K,001992_left,blur,2,17,0.196438267827034,0.19628944993019104
NJU2K,001994_left,blur,2,17,0.009860563091933727,0.009854814037680626
NJU2K,001997_left,blur,2,17,0.009439712390303612,0.009385623969137669
NJU2K,002000_left,blur,2,17,0.008885374292731285,0.008911012671887875
NJU2K,002001_left,blur,2,17,0.006351770367473364,0.00630065007135272
NJU2K,002002_left,blur,2,17,0.009106239303946495,0.009169421158730984
NJU2K,002003_left,blur,2,17,0.007308175787329674,0.007235202006995678
