"dataset","condition_set","n_images","robust_train_candidate_mae","clean_train_candidate_mae","delta_clean_minus_corruption","ci_low","ci_high","fraction_corruption_better","seed"
"NJU2K","clean","500","0.046485474050045016","0.04431531556369737","-0.0021701584863476455","-0.005088034271087964","0.0007582614886923689","0.49","17"
"NJU2K","all_corruptions","500","0.04873941571654108","0.053550539918799094","0.0048111242022580245","0.002025259490148164","0.007664803680237562","0.742","17"
"NJU2K","all_conditions","500","0.048578419883219925","0.05289088103629183","0.004312461153071906","0.001478907875837259","0.007040957380768876","0.734","17"
"NLPR","clean","300","0.026954472967190668","0.02766538822829413","0.0007109152611034612","-0.0019198801483095546","0.0035462715275255802","0.5566666666666666","17"
"NLPR","all_corruptions","300","0.028218270202632994","0.03346064141660463","0.005242371213971637","0.002519906193373922","0.008260504766814005","0.78","17"
"NLPR","all_conditions","300","0.028127998971529972","0.03304669476029673","0.004918695788766767","0.0022594944685125876","0.007855266475809908","0.76","17"
"SIP","clean","929","0.05475438597378501","0.0493558799628413","-0.005398506010943709","-0.0072166894749884644","-0.0036557344901408076","0.3993541442411195","17"
"SIP","all_corruptions","929","0.05824722824173264","0.062175687145152744","0.0039284589034200975","0.002137141028955609","0.005643535492971096","0.7233584499461787","17"
"SIP","all_conditions","929","0.05799773950830782","0.061259986632130496","0.003262247123822683","0.0014641805212702824","0.0050487445692018905","0.7115177610333692","17"
"NJU2K","clean","500","0.048958530243951824","0.044601559282746166","-0.004356970961205661","-0.007696352420875336","-0.001209214760910257","0.416","29"
"NJU2K","all_corruptions","500","0.051509641068880084","0.05566172714284262","0.004152086073962542","0.001007723622915084","0.00708500528250408","0.75","29"
"NJU2K","all_conditions","500","0.051327418867099496","0.05487171515283574","0.0035442962857362413","0.00032723326449299046","0.00645450099409458","0.742","29"
"NLPR","clean","300","0.028115884317279172","0.02941455572086852","0.001298671403589348","-0.00206901642929491","0.00400552413103287","0.5133333333333333","29"
"NLPR","all_corruptions","300","0.029827393308947556","0.03515338211494964","0.00532598880600208","0.0021610509053216678","0.008069883809339116","0.7833333333333333","29"
"NLPR","all_conditions","300","0.029705142666685523","0.03474346594394384","0.005038323277258314","0.0018383839060642504","0.007729875144530348","0.78","29"
"SIP","clean","929","0.05907034961756347","0.05425928015060386","-0.004811069466959609","-0.007152452179222228","-0.002552134127456864","0.38966630785791173","29"
"SIP","all_corruptions","929","0.06474321030402738","0.06875147686269817","0.00400826655867079","0.0016019695178131979","0.006257938260605135","0.7233584499461787","29"
"SIP","all_conditions","929","0.06433800596927997","0.06771631995469143","0.0033783139854114764","0.0010137168100147888","0.005567183075744102","0.7147470398277718","29"
"NJU2K","clean","500","0.04840061779180542","0.04488087280234322","-0.0035197449894621966","-0.006460615316673648","-0.0008032378220465058","0.48","43"
"NJU2K","all_corruptions","500","0.050641884408031516","0.057143091234629254","0.006501206826597738","0.003696931061282073","0.009230161561767676","0.81","43"
"NJU2K","all_conditions","500","0.05048179393544395","0.05626721848946597","0.00578542455402203","0.0030793161109331","0.008538807033322517","0.792","43"
"NLPR","clean","300","0.026886228692989487","0.027000601552038764","0.000114372859049278","-0.002985223021620186","0.003581868025202614","0.51","43"
"NLPR","all_corruptions","300","0.028509464346690296","0.03363284354065306","0.005123379193962766","0.0023286929294901292","0.0080246252461791","0.7833333333333333","43"
"NLPR","all_conditions","300","0.028393518942854516","0.033159111970037757","0.004765593027183232","0.0018925500353780952","0.007807411235763062","0.7666666666666667","43"
"SIP","clean","929","0.05614953478211808","0.05780917742170305","0.0016596426395849757","-0.00036272644825340863","0.003699923306271236","0.4757804090419806","43"
"SIP","all_corruptions","929","0.06115299329033479","0.07285338854086765","0.011700395250532871","0.009571192052383623","0.01381021708993168","0.7847147470398278","43"
"SIP","all_conditions","929","0.06079560339689073","0.0717788020323559","0.010983198635465168","0.008882426549727703","0.013094089683394834","0.77502691065662","43"
