seed,component,parameters,gflops,latency_ms_mean,latency_ms_median,latency_ms_p95,throughput_fps,peak_cuda_allocated_mib
17,rgb_reference,11262881,7.7676544,5.59183807849884,5.1562721729278564,7.678835082054138,178.8320738122044,151.845703125
17,rgbd_candidate,22546465,15.3941824,11.800015029907227,11.57096004486084,13.031447887420654,84.74565476954838,155.8134765625
17,full_ucrr,33821283,23.1727172,17.461176300048827,17.00862407684326,19.846684646606445,57.269910275014155,156.2041015625
29,rgb_reference,11262881,7.7676544,5.655495691299438,5.182064056396484,7.872395181655883,176.81916043865544,151.845703125
29,rgbd_candidate,22546465,15.3941824,11.205941753387451,10.68339204788208,13.826496076583858,89.23837210716444,155.8134765625
29,full_ucrr,33821283,23.1727172,18.447103023529053,17.979023933410645,20.754993438720703,54.20905378608838,156.2041015625
43,rgb_reference,11262881,7.7676544,5.321596140861511,5.082144021987915,6.4929377794265735,187.91354577277454,151.845703125
43,rgbd_candidate,22546465,15.3941824,10.79068223953247,10.538911819458008,12.436084890365601,92.672546350816,155.8134765625
43,full_ucrr,33821283,23.1727172,19.208068141937257,18.02680015563965,25.24063148498535,52.06145629068679,156.2041015625
