model_seed,dataset,n_images,conditions_per_image,mean_clean_minus_corruption_mae,paired_sign_flip_p_two_sided,sign_flip_resamples,test_random_seed
17,NJU2K,500,13,0.0048111242022580245,0.0006899931000689993,100000,20260929
17,NLPR,300,13,0.005242371213971637,0.00011999880001199988,100000,20260929
17,SIP,929,13,0.0039284589034200975,1.999980000199998e-05,100000,20260929
29,NJU2K,500,13,0.004152086073962542,0.006639933600663993,100000,20260929
29,NLPR,300,13,0.00532598880600208,4.999950000499995e-05,100000,20260929
29,SIP,929,13,0.00400826655867079,0.0006899931000689993,100000,20260929
43,NJU2K,500,13,0.006501206826597738,9.99990000099999e-06,100000,20260929
43,NLPR,300,13,0.005123379193962766,0.00024999750002499977,100000,20260929
43,SIP,929,13,0.011700395250532871,9.99990000099999e-06,100000,20260929
