training,dataset,condition,seed_count,mae_mean,mae_sd_across_seeds
clean,nju2k,clean,3,0.078260570,0.002740355
clean,nju2k,noise_1,3,0.090221977,0.005776326
clean,nju2k,noise_2,3,0.115444377,0.011395766
clean,nju2k,noise_3,3,0.147997789,0.014356241
clean,nju2k,holes_1,3,0.113881258,0.019797865
clean,nju2k,holes_2,3,0.140481249,0.033040461
clean,nju2k,holes_3,3,0.163934083,0.045759862
clean,nju2k,blur_1,3,0.078066628,0.002749180
clean,nju2k,blur_2,3,0.078065640,0.002620226
clean,nju2k,blur_3,3,0.078895659,0.002541685
clean,nju2k,shift_1,3,0.078270978,0.003464991
clean,nju2k,shift_2,3,0.079965686,0.003122279
clean,nju2k,shift_3,3,0.085309380,0.003167927
clean,nju2k,removal,3,0.191878788,0.028119211
clean,nlpr,clean,3,0.054936498,0.001377839
clean,nlpr,noise_1,3,0.060300939,0.003955792
clean,nlpr,noise_2,3,0.070959716,0.007460626
clean,nlpr,noise_3,3,0.088869792,0.009520364
clean,nlpr,holes_1,3,0.067315718,0.006104948
clean,nlpr,holes_2,3,0.081905369,0.015555032
clean,nlpr,holes_3,3,0.096586046,0.028935404
clean,nlpr,blur_1,3,0.054929194,0.001370491
clean,nlpr,blur_2,3,0.054856818,0.001130504
clean,nlpr,blur_3,3,0.055036673,0.000807917
clean,nlpr,shift_1,3,0.055419445,0.001011933
clean,nlpr,shift_2,3,0.056371324,0.001376150
clean,nlpr,shift_3,3,0.059316255,0.001286834
clean,nlpr,removal,3,0.093084113,0.011908849
clean,sip,clean,3,0.085447294,0.006011107
clean,sip,noise_1,3,0.091186907,0.005881610
clean,sip,noise_2,3,0.108069903,0.012633739
clean,sip,noise_3,3,0.134092265,0.024885962
clean,sip,holes_1,3,0.104165137,0.006819741
clean,sip,holes_2,3,0.126496312,0.017594667
clean,sip,holes_3,3,0.145841893,0.030112804
clean,sip,blur_1,3,0.085235093,0.006117171
clean,sip,blur_2,3,0.085223299,0.006558843
clean,sip,blur_3,3,0.086163078,0.007208386
clean,sip,shift_1,3,0.086032073,0.006593688
clean,sip,shift_2,3,0.087883936,0.006885631
clean,sip,shift_3,3,0.093395311,0.006875210
clean,sip,removal,3,0.193444872,0.029348570
corruption,nju2k,clean,3,0.085763380,0.005666247
corruption,nju2k,noise_1,3,0.085744939,0.005673848
corruption,nju2k,noise_2,3,0.086213467,0.005202190
corruption,nju2k,noise_3,3,0.087852051,0.006028812
corruption,nju2k,holes_1,3,0.086238658,0.005280715
corruption,nju2k,holes_2,3,0.087108279,0.005701873
corruption,nju2k,holes_3,3,0.089086227,0.006008047
corruption,nju2k,blur_1,3,0.085796651,0.005668327
corruption,nju2k,blur_2,3,0.085942333,0.005627331
corruption,nju2k,blur_3,3,0.086510834,0.005447222
corruption,nju2k,shift_1,3,0.085374227,0.005999427
corruption,nju2k,shift_2,3,0.085756144,0.006178660
corruption,nju2k,shift_3,3,0.088049735,0.006246545
corruption,nju2k,removal,3,0.154420713,0.017896321
corruption,nlpr,clean,3,0.055407822,0.000697445
corruption,nlpr,noise_1,3,0.055307564,0.000470818
corruption,nlpr,noise_2,3,0.055365940,0.000412343
corruption,nlpr,noise_3,3,0.056123551,0.000799652
corruption,nlpr,holes_1,3,0.055657084,0.000713087
corruption,nlpr,holes_2,3,0.055984040,0.000904778
corruption,nlpr,holes_3,3,0.057043195,0.001391218
corruption,nlpr,blur_1,3,0.055407664,0.000708351
corruption,nlpr,blur_2,3,0.055448971,0.000727837
corruption,nlpr,blur_3,3,0.055682221,0.000766025
corruption,nlpr,shift_1,3,0.055316698,0.000776394
corruption,nlpr,shift_2,3,0.055545804,0.000817112
corruption,nlpr,shift_3,3,0.056606545,0.000706471
corruption,nlpr,removal,3,0.076792002,0.011321217
corruption,sip,clean,3,0.101468827,0.005551751
corruption,sip,noise_1,3,0.100960457,0.005053265
corruption,sip,noise_2,3,0.099891403,0.003158660
corruption,sip,noise_3,3,0.099881409,0.002031885
corruption,sip,holes_1,3,0.101626438,0.004225566
corruption,sip,holes_2,3,0.102613653,0.003998461
corruption,sip,holes_3,3,0.104421355,0.004447077
corruption,sip,blur_1,3,0.101408214,0.005584871
corruption,sip,blur_2,3,0.101378726,0.005607966
corruption,sip,blur_3,3,0.101525545,0.005437764
corruption,sip,shift_1,3,0.101670232,0.005795516
corruption,sip,shift_2,3,0.102514104,0.005673825
corruption,sip,shift_3,3,0.106193537,0.005315433
corruption,sip,removal,3,0.164454856,0.021732227
