seed,dataset,scope,n_images,clean_train_mae,corruption_train_mae,paired_difference_corruption_minus_clean,bootstrap_95ci_low,bootstrap_95ci_high,sign_flip_p_two_sided
17,nju2k,clean,500,0.075505322,0.082919514,0.007414192,0.003641498,0.011358895,0.0002199978
17,nju2k,degraded_mean,500,0.103688390,0.088094392,-0.015593998,-0.019317586,-0.011736742,9.9999e-06
17,nlpr,clean,300,0.056151593,0.054733873,-0.001417720,-0.005133882,0.002124235,0.45615544
17,nlpr,degraded_mean,300,0.066351665,0.056314824,-0.010036841,-0.013303672,-0.006788897,9.9999e-06
17,sip,clean,929,0.092114622,0.102544755,0.010430133,0.007548109,0.013355458,9.9999e-06
17,sip,degraded_mean,929,0.107926120,0.106289258,-0.001636862,-0.004129166,0.000854082,0.19611804
29,nju2k,clean,500,0.080985786,0.092288319,0.011302534,0.006213634,0.016726356,2.99997e-05
29,nju2k,degraded_mean,500,0.124341977,0.097538127,-0.026803851,-0.031601456,-0.021909023,9.9999e-06
29,nlpr,clean,300,0.053439513,0.056126600,0.002687086,-0.001017190,0.006549945,0.16781832
29,nlpr,degraded_mean,300,0.075087396,0.057271477,-0.017815919,-0.021293938,-0.014400187,9.9999e-06
29,sip,clean,929,0.083784996,0.106403862,0.022618866,0.019196347,0.026012117,9.9999e-06
29,sip,degraded_mean,929,0.118184948,0.110058526,-0.008126422,-0.011068398,-0.005175289,9.9999e-06
43,nju2k,clean,500,0.078290603,0.082082307,0.003791704,-0.000630178,0.008068429,0.089449106
43,nju2k,degraded_mean,500,0.104834284,0.089927695,-0.014906590,-0.018943794,-0.010757631,9.9999e-06
43,nlpr,clean,300,0.055218389,0.055362992,0.000144603,-0.004248940,0.004455678,0.9499605
43,nlpr,degraded_mean,300,0.065088186,0.058632456,-0.006455730,-0.010507449,-0.002342746,0.0015399846
43,sip,clean,929,0.080442264,0.095457864,0.015015600,0.011528453,0.018394992,9.9999e-06
43,sip,degraded_mean,929,0.103249719,0.104084507,0.000834788,-0.002370135,0.004010047,0.60691393
