seed,training,dataset,condition,n,mae_mean,mae_std_image
17,clean,nju2k,clean,500,0.075505322,0.084052357
17,clean,nju2k,noise_1,500,0.084636596,0.087150361
17,clean,nju2k,noise_2,500,0.107410043,0.094826425
17,clean,nju2k,noise_3,500,0.151040268,0.106219017
17,clean,nju2k,holes_1,500,0.101555790,0.097350880
17,clean,nju2k,holes_2,500,0.129538648,0.104685536
17,clean,nju2k,holes_3,500,0.150326117,0.107861246
17,clean,nju2k,blur_1,500,0.075392811,0.083793978
17,clean,nju2k,blur_2,500,0.075653884,0.083898435
17,clean,nju2k,blur_3,500,0.076758599,0.084408779
17,clean,nju2k,shift_1,500,0.075125351,0.082613274
17,clean,nju2k,shift_2,500,0.077585243,0.083980442
17,clean,nju2k,shift_3,500,0.083199576,0.083626420
17,clean,nju2k,removal,500,0.159726145,0.111089432
17,clean,nlpr,clean,300,0.056151593,0.064298160
17,clean,nlpr,noise_1,300,0.058905302,0.069226279
17,clean,nlpr,noise_2,300,0.068530086,0.069266052
17,clean,nlpr,noise_3,300,0.088419522,0.073710982
17,clean,nlpr,holes_1,300,0.063828487,0.068840730
17,clean,nlpr,holes_2,300,0.075592105,0.067590837
17,clean,nlpr,holes_3,300,0.085805163,0.069827010
17,clean,nlpr,blur_1,300,0.056063097,0.064393165
17,clean,nlpr,blur_2,300,0.055628572,0.064288162
17,clean,nlpr,blur_3,300,0.055791540,0.065028927
17,clean,nlpr,shift_1,300,0.056293784,0.064283836
17,clean,nlpr,shift_2,300,0.057487280,0.066481895
17,clean,nlpr,shift_3,300,0.060790059,0.067369579
17,clean,nlpr,removal,300,0.079436644,0.070965986
17,clean,sip,clean,929,0.092114622,0.082460385
17,clean,sip,noise_1,929,0.091274070,0.080661145
17,clean,sip,noise_2,929,0.100369740,0.083685598
17,clean,sip,noise_3,929,0.123048062,0.090704123
17,clean,sip,holes_1,929,0.101371861,0.085241200
17,clean,sip,holes_2,929,0.121712282,0.091023965
17,clean,sip,holes_3,929,0.136620517,0.093978605
17,clean,sip,blur_1,929,0.092012713,0.082399532
17,clean,sip,blur_2,929,0.092380957,0.082733532
17,clean,sip,blur_3,929,0.093630245,0.083244120
17,clean,sip,shift_1,929,0.093345613,0.082857889
17,clean,sip,shift_2,929,0.095608992,0.083747879
17,clean,sip,shift_3,929,0.100890706,0.083569569
17,clean,sip,removal,929,0.160773804,0.097333883
17,corruption,nju2k,clean,500,0.082919514,0.086459346
17,corruption,nju2k,noise_1,500,0.082963765,0.086384932
17,corruption,nju2k,noise_2,500,0.083646911,0.087319270
17,corruption,nju2k,noise_3,500,0.084554797,0.087777021
17,corruption,nju2k,holes_1,500,0.083303742,0.087277257
17,corruption,nju2k,holes_2,500,0.084233158,0.087812211
17,corruption,nju2k,holes_3,500,0.085529017,0.088149386
17,corruption,nju2k,blur_1,500,0.082983511,0.086508751
17,corruption,nju2k,blur_2,500,0.083224602,0.086740172
17,corruption,nju2k,blur_3,500,0.084009773,0.087248863
17,corruption,nju2k,shift_1,500,0.082600840,0.086124354
17,corruption,nju2k,shift_2,500,0.082947339,0.086399933
17,corruption,nju2k,shift_3,500,0.085283423,0.086700323
17,corruption,nju2k,removal,500,0.139946217,0.107663976
17,corruption,nlpr,clean,300,0.054733873,0.064291732
17,corruption,nlpr,noise_1,300,0.054799232,0.064400178
17,corruption,nlpr,noise_2,300,0.055073205,0.064667323
17,corruption,nlpr,noise_3,300,0.055552650,0.065052034
17,corruption,nlpr,holes_1,300,0.054864611,0.064712091
17,corruption,nlpr,holes_2,300,0.054962061,0.064741433
17,corruption,nlpr,holes_3,300,0.055529502,0.065159188
17,corruption,nlpr,blur_1,300,0.054727638,0.064272164
17,corruption,nlpr,blur_2,300,0.054794809,0.064383471
17,corruption,nlpr,blur_3,300,0.055023203,0.064697602
17,corruption,nlpr,shift_1,300,0.054513436,0.064078638
17,corruption,nlpr,shift_2,300,0.054688127,0.064041998
17,corruption,nlpr,shift_3,300,0.055921703,0.064349775
17,corruption,nlpr,removal,300,0.071642533,0.070406621
17,corruption,sip,clean,929,0.102544755,0.087962869
17,corruption,sip,noise_1,929,0.102038527,0.087787553
17,corruption,sip,noise_2,929,0.101032521,0.087232336
17,corruption,sip,noise_3,929,0.100003543,0.086099289
17,corruption,sip,holes_1,929,0.102534107,0.087903476
17,corruption,sip,holes_2,929,0.102666614,0.087971981
17,corruption,sip,holes_3,929,0.103172254,0.087997066
17,corruption,sip,blur_1,929,0.102493488,0.087893063
17,corruption,sip,blur_2,929,0.102469520,0.087796563
17,corruption,sip,blur_3,929,0.102492612,0.087542640
17,corruption,sip,shift_1,929,0.102909787,0.088112960
17,corruption,sip,shift_2,929,0.104038370,0.088591372
17,corruption,sip,shift_3,929,0.108024271,0.089468142
17,corruption,sip,removal,929,0.147884739,0.100368431
29,clean,nju2k,clean,500,0.080985786,0.085722608
29,clean,nju2k,noise_1,500,0.096171974,0.088701176
29,clean,nju2k,noise_2,500,0.128486541,0.093429805
29,clean,nju2k,noise_3,500,0.160588926,0.100476050
29,clean,nju2k,holes_1,500,0.136717851,0.100683213
29,clean,nju2k,holes_2,500,0.177604828,0.103040338
29,clean,nju2k,holes_3,500,0.214954380,0.103677410
29,clean,nju2k,blur_1,500,0.080885434,0.085783391
29,clean,nju2k,blur_2,500,0.080853655,0.086028275
29,clean,nju2k,blur_3,500,0.081706283,0.086648552
29,clean,nju2k,shift_1,500,0.081985037,0.086847296
29,clean,nju2k,shift_2,500,0.083500848,0.087476037
29,clean,nju2k,shift_3,500,0.088952198,0.088331007
29,clean,nju2k,removal,500,0.204037751,0.131992504
29,clean,nlpr,clean,300,0.053439513,0.065128434
29,clean,nlpr,noise_1,300,0.064765378,0.070960608
29,clean,nlpr,noise_2,300,0.079332298,0.073525759
29,clean,nlpr,noise_3,300,0.098607301,0.080549385
29,clean,nlpr,holes_1,300,0.074364972,0.073560467
29,clean,nlpr,holes_2,300,0.099624489,0.076250784
29,clean,nlpr,holes_3,300,0.129364205,0.079921897
29,clean,nlpr,blur_1,300,0.053406239,0.065119016
29,clean,nlpr,blur_2,300,0.053559164,0.065919720
29,clean,nlpr,blur_3,300,0.054184516,0.067142449
29,clean,nlpr,shift_1,300,0.054310966,0.065571897
29,clean,nlpr,shift_2,300,0.054833668,0.066190166
29,clean,nlpr,shift_3,300,0.058415436,0.068821675
29,clean,nlpr,removal,300,0.101367517,0.089392473
29,clean,sip,clean,929,0.083784996,0.082768498
29,clean,sip,noise_1,929,0.097024452,0.085167879
29,clean,sip,noise_2,929,0.122650408,0.083935142
29,clean,sip,noise_3,929,0.162588924,0.086155114
29,clean,sip,holes_1,929,0.111938065,0.087187925
29,clean,sip,holes_2,929,0.145988243,0.088682982
29,clean,sip,holes_3,929,0.179487139,0.087362050
29,clean,sip,blur_1,929,0.083568977,0.082678545
29,clean,sip,blur_2,929,0.083787918,0.083177155
29,clean,sip,blur_3,929,0.085614129,0.084889831
29,clean,sip,shift_1,929,0.084208561,0.082130394
29,clean,sip,shift_2,929,0.085650689,0.082087397
29,clean,sip,shift_3,929,0.091913181,0.081015598
29,clean,sip,removal,929,0.201983642,0.109011223
29,corruption,nju2k,clean,500,0.092288319,0.095338808
29,corruption,nju2k,noise_1,500,0.092272777,0.095513436
29,corruption,nju2k,noise_2,500,0.092200188,0.095663228
29,corruption,nju2k,noise_3,500,0.094810354,0.096261822
29,corruption,nju2k,holes_1,500,0.092334900,0.095316154
29,corruption,nju2k,holes_2,500,0.093675324,0.095967303
29,corruption,nju2k,holes_3,500,0.096022964,0.096767830
29,corruption,nju2k,blur_1,500,0.092321288,0.095329883
29,corruption,nju2k,blur_2,500,0.092412685,0.095283883
29,corruption,nju2k,blur_3,500,0.092759439,0.095511596
29,corruption,nju2k,shift_1,500,0.092258590,0.095607466
29,corruption,nju2k,shift_2,500,0.092840230,0.095632123
29,corruption,nju2k,shift_3,500,0.095201770,0.095694407
29,corruption,nju2k,removal,500,0.148885138,0.116915489
29,corruption,nlpr,clean,300,0.056126600,0.066029190
29,corruption,nlpr,noise_1,300,0.055728668,0.065728593
29,corruption,nlpr,noise_2,300,0.055187105,0.065170130
29,corruption,nlpr,noise_3,300,0.055780513,0.065233196
29,corruption,nlpr,holes_1,300,0.056246928,0.066329770
29,corruption,nlpr,holes_2,300,0.056682895,0.066229581
29,corruption,nlpr,holes_3,300,0.057334171,0.066068236
29,corruption,nlpr,blur_1,300,0.056141294,0.066047191
29,corruption,nlpr,blur_2,300,0.056232999,0.066084756
29,corruption,nlpr,blur_3,300,0.056522675,0.066433446
29,corruption,nlpr,shift_1,300,0.056063096,0.066044003
29,corruption,nlpr,shift_2,300,0.056315178,0.066101109
29,corruption,nlpr,shift_3,300,0.057332821,0.066171457
29,corruption,nlpr,removal,300,0.068960865,0.068945079
29,corruption,sip,clean,929,0.106403862,0.085588804
29,corruption,sip,noise_1,929,0.105387689,0.085156680
29,corruption,sip,noise_2,929,0.102320931,0.084248700
29,corruption,sip,noise_3,929,0.101849471,0.084517129
29,corruption,sip,holes_1,929,0.105324411,0.085097803
29,corruption,sip,holes_2,929,0.106585371,0.085659526
29,corruption,sip,holes_3,929,0.109359409,0.086410395
29,corruption,sip,blur_1,929,0.106370794,0.085610147
29,corruption,sip,blur_2,929,0.106361160,0.085546193
29,corruption,sip,blur_3,929,0.106414893,0.085352621
29,corruption,sip,shift_1,929,0.106745683,0.085830357
29,corruption,sip,shift_2,929,0.107270100,0.085624671
29,corruption,sip,shift_3,929,0.110351645,0.085948447
29,corruption,sip,removal,929,0.156419280,0.097622953
43,clean,nju2k,clean,500,0.078290603,0.088858324
43,clean,nju2k,noise_1,500,0.089857360,0.096018334
43,clean,nju2k,noise_2,500,0.110436546,0.099983425
43,clean,nju2k,noise_3,500,0.132364174,0.099716545
43,clean,nju2k,holes_1,500,0.103370132,0.098689658
43,clean,nju2k,holes_2,500,0.114300271,0.099609631
43,clean,nju2k,holes_3,500,0.126521753,0.097416508
43,clean,nju2k,blur_1,500,0.077921638,0.088440037
43,clean,nju2k,blur_2,500,0.077689381,0.088229131
43,clean,nju2k,blur_3,500,0.078222095,0.088424502
43,clean,nju2k,shift_1,500,0.077702546,0.088093873
43,clean,nju2k,shift_2,500,0.078810967,0.088513387
43,clean,nju2k,shift_3,500,0.083776365,0.088087458
43,clean,nju2k,removal,500,0.211872468,0.117503473
43,clean,nlpr,clean,300,0.055218389,0.069756975
43,clean,nlpr,noise_1,300,0.057232136,0.068945054
43,clean,nlpr,noise_2,300,0.065016766,0.068875331
43,clean,nlpr,noise_3,300,0.079582553,0.071569517
43,clean,nlpr,holes_1,300,0.063753693,0.071564360
43,clean,nlpr,holes_2,300,0.070499514,0.073854186
43,clean,nlpr,holes_3,300,0.074588770,0.072736596
43,clean,nlpr,blur_1,300,0.055318245,0.069865500
43,clean,nlpr,blur_2,300,0.055382718,0.069973991
43,clean,nlpr,blur_3,300,0.055133962,0.069041867
43,clean,nlpr,shift_1,300,0.055653586,0.069787090
43,clean,nlpr,shift_2,300,0.056793025,0.070598548
43,clean,nlpr,shift_3,300,0.058743271,0.069974337
43,clean,nlpr,removal,300,0.098448177,0.082312409
43,clean,sip,clean,929,0.080442264,0.081322158
43,clean,sip,noise_1,929,0.085262201,0.081541706
43,clean,sip,noise_2,929,0.101189562,0.085087006
43,clean,sip,noise_3,929,0.116639808,0.086676854
43,clean,sip,holes_1,929,0.099185485,0.087106173
43,clean,sip,holes_2,929,0.111788412,0.088586739
43,clean,sip,holes_3,929,0.121418021,0.089697791
43,clean,sip,blur_1,929,0.080123588,0.081162030
43,clean,sip,blur_2,929,0.079501021,0.080652126
43,clean,sip,blur_3,929,0.079244861,0.079493688
43,clean,sip,shift_1,929,0.080542046,0.080945830
43,clean,sip,shift_2,929,0.082392129,0.080558049
43,clean,sip,shift_3,929,0.087382046,0.078924732
43,clean,sip,removal,929,0.217577170,0.100982649
43,corruption,nju2k,clean,500,0.082082307,0.089432931
43,corruption,nju2k,noise_1,500,0.081998274,0.089759301
43,corruption,nju2k,noise_2,500,0.082793302,0.090400329
43,corruption,nju2k,noise_3,500,0.084191002,0.090486371
43,corruption,nju2k,holes_1,500,0.083077331,0.089804562
43,corruption,nju2k,holes_2,500,0.083416354,0.090079622
43,corruption,nju2k,holes_3,500,0.085706700,0.090653209
43,corruption,nju2k,blur_1,500,0.082085154,0.089423736
43,corruption,nju2k,blur_2,500,0.082189710,0.089486717
43,corruption,nju2k,blur_3,500,0.082763290,0.089394588
43,corruption,nju2k,shift_1,500,0.081263250,0.089085164
43,corruption,nju2k,shift_2,500,0.081480865,0.089193646
43,corruption,nju2k,shift_3,500,0.083664012,0.089119477
43,corruption,nju2k,removal,500,0.174430786,0.114939848
43,corruption,nlpr,clean,300,0.055362992,0.066527103
43,corruption,nlpr,noise_1,300,0.055394792,0.066751150
43,corruption,nlpr,noise_2,300,0.055837510,0.067706691
43,corruption,nlpr,noise_3,300,0.057037490,0.068263853
43,corruption,nlpr,holes_1,300,0.055859713,0.067465533
43,corruption,nlpr,holes_2,300,0.056307163,0.069037373
43,corruption,nlpr,holes_3,300,0.058265913,0.072655290
43,corruption,nlpr,blur_1,300,0.055354061,0.066510936
43,corruption,nlpr,blur_2,300,0.055319105,0.066488980
43,corruption,nlpr,blur_3,300,0.055500785,0.066671873
43,corruption,nlpr,shift_1,300,0.055373563,0.066795949
43,corruption,nlpr,shift_2,300,0.055634107,0.067288930
43,corruption,nlpr,shift_3,300,0.056565111,0.067936410
43,corruption,nlpr,removal,300,0.089772609,0.085019956
43,corruption,sip,clean,929,0.095457864,0.091204387
43,corruption,sip,noise_1,929,0.095455155,0.091279026
43,corruption,sip,noise_2,929,0.096320757,0.091804690
43,corruption,sip,noise_3,929,0.097791211,0.091794999
43,corruption,sip,holes_1,929,0.097020796,0.091714261
43,corruption,sip,holes_2,929,0.098588975,0.092442663
43,corruption,sip,holes_3,929,0.100732404,0.092948110
43,corruption,sip,blur_1,929,0.095360359,0.091153591
43,corruption,sip,blur_2,929,0.095305499,0.091146576
43,corruption,sip,blur_3,929,0.095669129,0.091076682
43,corruption,sip,shift_1,929,0.095355225,0.091271495
43,corruption,sip,shift_2,929,0.096233842,0.091731276
43,corruption,sip,shift_3,929,0.100204697,0.092436491
43,corruption,sip,removal,929,0.189060550,0.107689593
